#
# A fatal error has been detected by the Java Runtime Environment:
#
#  SIGSEGV (0xb) at pc=0x00007fe27804c054, pid=174087, tid=174132
#
# JRE version: OpenJDK Runtime Environment Liberica-NIK-25.0.0-1 (25.0+37) (build 25+37-LTS)
# Java VM: OpenJDK 64-Bit Server VM Liberica-NIK-25.0.0-1 (25+37-LTS, mixed mode, sharing, tiered, jvmci, jvmci compiler, compressed oops, compressed class ptrs, g1 gc, linux-amd64)
# Problematic frame:
# C  [libdbus-1.so.3+0xe054]
#
# Core dump will be written. Default location: Core dumps may be processed with "/usr/lib/systemd/systemd-coredump %P %u %g %s %t %c %h %d %F %I" (or dumping to /home/haru/libsound/libsound-session/core.174087)
#
# If you would like to submit a bug report, please visit:
#   https://bell-sw.com/support
# The crash happened outside the Java Virtual Machine in native code.
# See problematic frame for where to report the bug.
#

---------------  S U M M A R Y ------------

Command Line: -XX:ThreadPriorityPolicy=1 -XX:+UnlockExperimentalVMOptions -XX:+EnableJVMCIProduct -XX:+EnableJVMCI -XX:-UnlockExperimentalVMOptions -Dorg.gradle.internal.worker.tmpdir=/home/haru/libsound/libsound-session/build/tmp/test/work --enable-native-access=ALL-UNNAMED -Xmx512m -Dfile.encoding=UTF-8 -Duser.country=US -Duser.language=en -Duser.variant -ea worker.org.gradle.process.internal.worker.GradleWorkerMain 'Gradle Test Executor 4'

Host: 12th Gen Intel(R) Core(TM) i5-1235U, 12 cores, 23G, Arch Linux
Time: Tue Sep  8 21:22:00 2026 CEST elapsed time: 3.754051 seconds (0d 0h 0m 3s)

---------------  T H R E A D  ---------------

Current thread (0x00007fe2947cd710):  JavaThread "libsound-dbus-mpris-read" daemon [_thread_in_native, id=174132, stack(0x00007fe2693f9000,0x00007fe2695fa000) (2052K)]

Stack: [0x00007fe2693f9000,0x00007fe2695fa000],  sp=0x00007fe2695f8000,  free space=2044k
Native frames: (J=compiled Java code, j=interpreted, Vv=VM code, C=native code)
C  [libdbus-1.so.3+0xe054]
Java frames: (J=compiled Java code, j=interpreted, Vv=VM code)
v  ~RuntimeStub::nep_invoker_blob 0x00007fe280ef6c64
J 3119 c1 jdk.internal.foreign.abi.DowncallStub+0x000000001917c000.invoke(Ljava/lang/foreign/SegmentAllocator;Ljava/lang/foreign/MemorySegment;Ljava/lang/foreign/MemorySegment;Ljava/lang/foreign/MemorySegment;)V java.base@25 (198 bytes) @ 0x00007fe279eb6c24 [0x00007fe279eb4e80+0x0000000000001da4]
J 3121 c1 java.lang.invoke.DirectMethodHandle$Holder.invokeStatic(Ljava/lang/Object;Ljava/lang/Object;Ljava/lang/Object;Ljava/lang/Object;Ljava/lang/Object;)V java.base@25 (20 bytes) @ 0x00007fe279eb9e34 [0x00007fe279eb9b80+0x00000000000002b4]
j  java.lang.invoke.LambdaForm$MH+0x00000000191a3000.invoke(Ljava/lang/Object;Ljava/lang/Object;Ljava/lang/Object;)V+51 java.base@25
J 3118 c1 java.lang.invoke.LambdaForm$MH+0x0000000019191400.invokeExact_MT(Ljava/lang/Object;Ljava/lang/Object;Ljava/lang/Object;Ljava/lang/Object;)V java.base@25 (24 bytes) @ 0x00007fe279eb8bfc [0x00007fe279eb8280+0x000000000000097c]
j  dev.hivens.libsound.dbus.DBusMarshalKt.recurse(Ldev/hivens/libsound/dbus/DBusSymbols;Ljava/lang/foreign/Arena;Ljava/lang/foreign/MemorySegment;)Ljava/lang/foreign/MemorySegment;+33
j  dev.hivens.libsound.session.mpris.MprisReader.readVariantDict(Ljava/lang/foreign/Arena;Ljava/lang/foreign/MemorySegment;)Ljava/util/Map;+65
j  dev.hivens.libsound.session.mpris.MprisReader.onPropertiesChanged(Ljava/lang/foreign/MemorySegment;)V+143
j  dev.hivens.libsound.session.mpris.MprisReader.handle(Ljava/lang/foreign/MemorySegment;)Z+90
j  dev.hivens.libsound.session.mpris.MprisReader.access$handle(Ldev/hivens/libsound/session/mpris/MprisReader;Ljava/lang/foreign/MemorySegment;)Z+2
j  dev.hivens.libsound.session.mpris.MprisReader$Companion$openOrNull$1.invoke(Ljava/lang/foreign/MemorySegment;)Ljava/lang/Boolean;+14
j  dev.hivens.libsound.session.mpris.MprisReader$Companion$openOrNull$1.invoke(Ljava/lang/Object;)Ljava/lang/Object;+5
j  dev.hivens.libsound.dbus.DBusConnection.dispatch(Ljava/lang/foreign/MemorySegment;)V+72
j  dev.hivens.libsound.dbus.DBusConnection.run()V+265
j  dev.hivens.libsound.dbus.DBusConnection.ioThread$run(Ldev/hivens/libsound/dbus/DBusConnection;)V+8
j  dev.hivens.libsound.dbus.DBusConnection$$Lambda+0x000000001915b7d8.run()V+4
j  java.lang.Thread.runWith(Ljava/lang/Object;Ljava/lang/Runnable;)V+5 java.base@25
j  java.lang.Thread.run()V+19 java.base@25
v  ~StubRoutines::call_stub 0x00007fe280cf1fa6

siginfo: si_signo: 11 (SIGSEGV), si_code: 1 (SEGV_MAPERR), si_addr: 0x0000000000000010

Registers:
RAX=0x0000000000000073, RBX=0x00007fe270021620, RCX=0x00007fe270021680, RDX=0x0000000000000065
RSP=0x00007fe2695f8000, RBP=0x00007fe270021690, RSI=0x000000000000007f, RDI=0x00007fe2947b3a38
R8 =0x00000000f6461d60, R9 =0x00000000f6474bc8, R10=0x00007fe27805ee30, R11=0x00007fe279eb9b80
R12=0x0000000000000000, R13=0x00007fe2695f81e0, R14=0x00007fe2695f8290, R15=0x00007fe2947cd710
RIP=0x00007fe27804c054, EFLAGS=0x0000000000010293, CSGSFS=0x002b000000000033, ERR=0x0000000000000004
  TRAPNO=0x000000000000000e

XMM[0]=0x00007fe2947b3a80 0x00007fe2947b3a38
XMM[1]=0x0000000000000000 0x0000000000000000
XMM[2]=0x0000000000000000 0x0000000000000028
XMM[3]=0x00007fe2695f83b0 0x00007f0000000000
XMM[4]=0x0000000000000000 0x00007fe281351b88
XMM[5]=0x0000000000000000 0x00007f0000000000
XMM[6]=0x0000000000000000 0x00007fe280cf94ac
XMM[7]=0x00007fe281351cc6 0x00007fe2695f82a0
XMM[8]=0x0073010079746974 0x6e65644900000008
XMM[9]=0xf8e2f4cef8e2f4ce 0xf8e2f4cefaeb1564
XMM[10]=0x0000000000000000 0x0000000002082096
XMM[11]=0x2079760f2079760f 0x2079760f1b648b73
XMM[12]=0x0000000000000000 0x00000000faeb1564
XMM[13]=0x0000000000000000 0x0000000000000000
XMM[14]=0x0000000000000000 0x0000000000000000
XMM[15]=0x0000000000000000 0x0000000000000000
  MXCSR=0x00001fa2


Register to memory mapping:

RAX=0x0000000000000073 is an unknown value
RBX=0x00007fe270021620 points into unknown readable memory: 0x00007fe278094c60 | 60 4c 09 78 e2 7f 00 00
RCX=0x00007fe270021680 points into unknown readable memory: 0x00007fe2947b3a30 | 30 3a 7b 94 e2 7f 00 00
RDX=0x0000000000000065 is an unknown value
RSP=0x00007fe2695f8000 is pointing into the stack for thread: 0x00007fe2947cd710
RBP=0x00007fe270021690 points into unknown readable memory: 0x00007fe278094c60 | 60 4c 09 78 e2 7f 00 00
RSI=0x000000000000007f is an unknown value
RDI=0x00007fe2947b3a38 points into unknown readable memory: 0x00007fe2947cd380 | 80 d3 7c 94 e2 7f 00 00
R8 =0x00000000f6461d60 is an oop: jdk.internal.foreign.abi.NativeEntryPoint 
{0x00000000f6461d60} - klass: 'jdk/internal/foreign/abi/NativeEntryPoint' - flags: 

 - ---- fields (total size 3 words):
 - private final 'methodType' 'Ljava/lang/invoke/MethodType;' @12  a 'java/lang/invoke/MethodType'{0x00000000f6461410} = (JJJ)V (0xf6461410)
 - private final 'downcallStubAddress' 'J' @16  140610802510944 (0x00007fe280ef6c60)
R9 =0x00000000f6474bc8 is an oop: java.lang.invoke.MemberName 
{0x00000000f6474bc8} - klass: 'java/lang/invoke/MemberName' - flags: 

 - ---- fields (total size 6 words):
 - private 'flags' 'I' @12  100728841 (0x06010009)
 - injected 'vmindex' 'J' @16  -2 (0xfffffffffffffffe)
 - private 'clazz' 'Ljava/lang/Class;' @24  a 'java/lang/Class'{0x00000000f6474ad0} = 'jdk/internal/foreign/abi/DowncallStub+0x000000001917c000' (0xf6474ad0)
 - private 'name' 'Ljava/lang/String;' @28  "invoke"{0x00000000ffe4ca20} (0xffe4ca20)
 - private 'type' 'Ljava/lang/Object;' @32  a 'java/lang/invoke/MethodType'{0x00000000f6469a58} = (Ljava/lang/foreign/SegmentAllocator;Ljava/lang/foreign/MemorySegment;Ljava/lang/foreign/MemorySegment;Ljava/lang/foreign/MemorySegment;)V (0xf6469a58)
 - private 'method' 'Ljava/lang/invoke/ResolvedMethodName;' @36  a 'java/lang/invoke/ResolvedMethodName'{0x00000000f6474bf8} (0xf6474bf8)
 - 'resolution' 'Ljava/lang/Object;' @40  null (0x00000000)
R10=0x00007fe27805ee30: dbus_message_iter_recurse+0x0000000000000000 in /usr/lib/libdbus-1.so.3 at 0x00007fe27803e000
R11=0x00007fe279eb9b80 is at entry_point+0 in (nmethod*)0x00007fe279eb9a88
Compiled method (c1) 3756 3121       3       java.lang.invoke.DirectMethodHandle$Holder::invokeStatic (20 bytes)
 total in heap  [0x00007fe279eb9a88,0x00007fe279eb9f30] = 1192
 main code      [0x00007fe279eb9b80,0x00007fe279eb9ee0] = 864
 stub code      [0x00007fe279eb9ee0,0x00007fe279eb9f30] = 80
 mutable data [0x00007fe25865c6a0,0x00007fe25865c708] = 104
 relocation     [0x00007fe25865c6a0,0x00007fe25865c6f8] = 88
 metadata       [0x00007fe25865c6f8,0x00007fe25865c708] = 16
 immutable data [0x00007fe25865c5b0,0x00007fe25865c690] = 224
 dependencies   [0x00007fe25865c5b0,0x00007fe25865c5b8] = 8
 nul chk table  [0x00007fe25865c5b8,0x00007fe25865c5c8] = 16
 scopes pcs     [0x00007fe25865c5c8,0x00007fe25865c638] = 112
 scopes data    [0x00007fe25865c638,0x00007fe25865c690] = 88
R12=0x0 is null
R13=0x00007fe2695f81e0 is pointing into the stack for thread: 0x00007fe2947cd710
R14=0x00007fe2695f8290 is pointing into the stack for thread: 0x00007fe2947cd710
R15=0x00007fe2947cd710 is a thread

Top of Stack: (sp=0x00007fe2695f8000)
0x00007fe2695f8000:   000000000000230c 00007fe2695f8020   .#...... ._i....
0x00007fe2695f8010:   0000000000000000 00007fe280ef6c9d   .........l......
0x00007fe2695f8020:   00007fe2695f8250 00007fe279eb6c24   P._i....$l.y....
0x00007fe2695f8030:   0000000000000008 00000000f5fa46e0   .........F......
0x00007fe2695f8040:   0000000000000001 00007fe280ef699e   .........i......
0x00007fe2695f8050:   fffffffffffffff7 0000000000000048   ........H.......
0x00007fe2695f8060:   00007fe270021680 0000000000000048   ...p....H.......
0x00007fe2695f8070:   00007fe270021680 00000000f5fa4940   ...p....@I......
0x00007fe2695f8080:   00000000f61e59b8 00000000f5fa4760   .Y......`G......
0x00007fe2695f8090:   00000000f5fa48d8 00000000f61d6cd8   .H.......l......
0x00007fe2695f80a0:   00000000f5fa46e0 00007fe27805ee30   .F......0..x....
0x00007fe2695f80b0:   00007fe2695f8320 00007fe279e7defc    ._i.......y....
0x00007fe2695f80c0:   0000000000002306 00007fe280ef699e   .#.......i......
0x00007fe2695f80d0:   00007fe2700215b0 00007fe27805e123   ...p....#..x....
0x00007fe2695f80e0:   00007fe2695f8400 00007fe279ec1a7c   .._i....|..y....
0x00007fe2695f80f0:   00007fe2695f8250 00007fe279e69bd4   P._i.......y....
0x00007fe2695f8100:   00000000f61e59b8 00000000f5fa48d8   .Y.......H......
0x00007fe2695f8110:   00000000f5fa4970 00000000f61d6cd8   pI.......l......
0x00007fe2695f8120:   00000000f5fa46e0 00007fe27805ee30   .F......0..x....
0x00007fe2695f8130:   00007fe2700215b0 00007fe270021610   ...p.......p....
0x00007fe2695f8140:   0000000000000000 00007fe280ef699e   .........i......
0x00007fe2695f8150:   00007fe2695f81d0 00007fe280cf9312   .._i............
0x00007fe2695f8160:   0000000000000048 00000000f5fa46e0   H........F......
0x00007fe2695f8170:   00007fe2695f8250 00007fe279eb9e34   P._i....4..y....
0x00007fe2695f8180:   00007fe2695f8320 00007fe279e8b81c    ._i.......y....
0x00007fe2695f8190:   00007fe250cc734b 0000000000000008   Ks.P............
0x00007fe2695f81a0:   00007fe2695f8250 00007fe279e6ca2c   P._i....,..y....
0x00007fe2695f81b0:   00000000f5d8b9c0 00007fe250cc7358   ........Xs.P....
0x00007fe2695f81c0:   0000000000000000 00007fe2695f8220   ........ ._i....
0x00007fe2695f81d0:   00007fe2695f8250 00007fe280cf9312   P._i............
0x00007fe2695f81e0:   00000000f5fa4970 00000000f5fa48d8   pI.......H......
0x00007fe2695f81f0:   00000000f61e59b8 00000000f6abbf18   .Y..............

Instructions: (pc=0x00007fe27804c054)
  0x00007fe27804bf54:   00 00 00 00 00 00 00 00 00 00 00 00 00 00 00 00
  0x00007fe27804bf64:   00 00 00 00 00 00 00 00 00 00 00 00 00 00 00 00
  0x00007fe27804bf74:   00 00 00 00 00 00 00 00 00 00 00 00 00 00 00 00
  0x00007fe27804bf84:   00 00 00 00 00 00 00 00 00 00 00 00 00 00 00 00
  0x00007fe27804bf94:   00 00 00 00 00 00 00 00 00 00 00 00 00 00 00 00
  0x00007fe27804bfa4:   00 00 00 00 00 00 00 00 00 00 00 00 00 00 00 00
  0x00007fe27804bfb4:   00 00 00 00 00 00 00 00 00 00 00 00 00 00 00 00
  0x00007fe27804bfc4:   00 00 00 00 00 00 00 00 00 00 00 00 00 00 00 00
  0x00007fe27804bfd4:   00 00 00 00 00 00 00 00 00 00 00 00 00 00 00 00
  0x00007fe27804bfe4:   00 00 00 00 00 00 00 00 00 00 00 00 00 00 00 00
  0x00007fe27804bff4:   00 00 00 00 00 00 00 00 00 00 00 00 f3 0f 1e fa
  0x00007fe27804c004:   48 83 ec 08 48 8b 05 09 98 04 00 48 85 c0 74 02
  0x00007fe27804c014:   ff d0 48 83 c4 08 c3 00 00 00 00 00 00 00 00 00
  0x00007fe27804c024:   00 00 00 00 00 00 00 00 00 00 00 00 00 00 00 00
  0x00007fe27804c034:   00 00 00 00 00 00 00 00 00 00 00 00 31 c0 c3 85
  0x00007fe27804c044:   c0 75 0d 48 8d 3d 42 88 03 00 ff 15 0c 9a 04 00
=>0x00007fe27804c054:   48 8b 04 25 10 00 00 00 0f 0b ff 15 0c 91 04 00
  0x00007fe27804c064:   66 2e 0f 1f 84 00 00 00 00 00 66 90 48 8d 3d 31
  0x00007fe27804c074:   a0 04 00 48 8d 05 2a a0 04 00 48 39 f8 74 15 48
  0x00007fe27804c084:   8b 05 46 91 04 00 48 85 c0 74 09 ff e0 0f 1f 80
  0x00007fe27804c094:   00 00 00 00 c3 0f 1f 80 00 00 00 00 48 8d 3d 01
  0x00007fe27804c0a4:   a0 04 00 48 8d 35 fa 9f 04 00 48 29 fe 48 89 f0
  0x00007fe27804c0b4:   48 c1 ee 3f 48 c1 f8 03 48 01 c6 48 d1 fe 74 14
  0x00007fe27804c0c4:   48 8b 05 5d 9d 04 00 48 85 c0 74 08 ff e0 66 0f
  0x00007fe27804c0d4:   1f 44 00 00 c3 0f 1f 80 00 00 00 00 f3 0f 1e fa
  0x00007fe27804c0e4:   80 3d d5 9f 04 00 00 75 33 55 48 83 3d 3a 9e 04
  0x00007fe27804c0f4:   00 00 48 89 e5 74 0d 48 8b 3d fe 9e 04 00 ff 15
  0x00007fe27804c104:   28 9e 04 00 e8 63 ff ff ff c6 05 ac 9f 04 00 01
  0x00007fe27804c114:   5d c3 66 2e 0f 1f 84 00 00 00 00 00 c3 66 66 2e
  0x00007fe27804c124:   0f 1f 84 00 00 00 00 00 0f 1f 40 00 f3 0f 1e fa
  0x00007fe27804c134:   e9 67 ff ff ff 0f 1f 80 00 00 00 00 f3 0f 1e fa
  0x00007fe27804c144:   c3 66 66 2e 0f 1f 84 00 00 00 00 00 f3 0f 1e fa


Stack slot to memory mapping:

stack at sp + 0 slots: 0x000000000000230c is an unknown value
stack at sp + 1 slots: 0x00007fe2695f8020 is pointing into the stack for thread: 0x00007fe2947cd710
stack at sp + 2 slots: 0x0 is null
stack at sp + 3 slots: 0x00007fe280ef6c9d is at code_begin+61 in 
[CodeBlob kind:6 (0x00007fe280ef6c08)]
Framesize: 2
Runtime Stub (0x00007fe280ef6c08): nep_invoker_blob
--------------------------------------------------------------------------------
Decoding CodeBlob, name: nep_invoker_blob, at  [0x00007fe280ef6c60, 0x00007fe280ef6d48]  232 bytes
[MachCode]
  0x00007fe280ef6c60: 5548 8bec | c5f8 7749 | 89af 9004 | 0000 49ba | 646c ef80 | e27f 0000 | 4d89 9788 | 0400 0049 
  0x00007fe280ef6c80: 89a7 8004 | 0000 41c7 | 872c 0500 | 0004 0000 | 004c 8bd6 | 488b f148 | 8bfa 41ff | d2c5 f877 
  0x00007fe280ef6ca0: 41c7 872c | 0500 0005 | 0000 00f0 | 8344 24c0 | 0049 3b6f | 280f 874d | 0000 0041 | 83bf 2805 
  0x00007fe280ef6cc0: 0000 000f | 853f 0000 | 0041 c787 | 2c05 0000 | 0800 0000 | 4183 bfa8 | 0500 0002 | 0f84 4400 
  0x00007fe280ef6ce0: 0000 49c7 | 8780 0400 | 0000 0000 | 0049 c787 | 9004 0000 | 0000 0000 | 49c7 8788 | 0400 0000 
  0x00007fe280ef6d00: 0000 00c5 | f877 c9c3 | 498b ffc5 | f877 4c8b | e448 83ec | 0048 83e4 | f0e8 2232 | 1119 498b 
  0x00007fe280ef6d20: e44d 33e4 | eba3 c5f8 | 774c 8be4 | 4883 ec00 | 4883 e4f0 | e8f7 c65e | 1949 8be4 | 4d33 e4eb 
  0x00007fe280ef6d40: a1f4 f4f4 | f4f4 f4f4 
[/MachCode]
--------------------------------------------------------------------------------
stack at sp + 4 slots: 0x00007fe2695f8250 is pointing into the stack for thread: 0x00007fe2947cd710
stack at sp + 5 slots: 0x00007fe279eb6c24 is at entry_point+7588 in (nmethod*)0x00007fe279eb4d88
Compiled method (c1) 3762 3119   !   3       jdk.internal.foreign.abi.DowncallStub/0x000000001917c000::invoke (198 bytes)
 total in heap  [0x00007fe279eb4d88,0x00007fe279eb8138] = 13232
 main code      [0x00007fe279eb4e80,0x00007fe279eb8018] = 12696
 stub code      [0x00007fe279eb8018,0x00007fe279eb8108] = 240
 oops           [0x00007fe279eb8108,0x00007fe279eb8138] = 48
 mutable data [0x00007fe2542f9700,0x00007fe2542f99a8] = 680
 relocation     [0x00007fe2542f9700,0x00007fe2542f9928] = 552
 metadata       [0x00007fe2542f9928,0x00007fe2542f99a8] = 128
 immutable data [0x00007fe2542f8db0,0x00007fe2542f96f8] = 2376
 dependencies   [0x00007fe2542f8db0,0x00007fe2542f8dd0] = 32
 nul chk table  [0x00007fe2542f8dd0,0x00007fe2542f8e40] = 112
 handler table  [0x00007fe2542f8e40,0x00007fe2542f9050] = 528
 scopes pcs     [0x00007fe2542f9050,0x00007fe2542f9300] = 688
 scopes data    [0x00007fe2542f9300,0x00007fe2542f96f8] = 1016
stack at sp + 6 slots: 0x0000000000000008 is an unknown value
stack at sp + 7 slots: 0x00000000f5fa46e0 is an oop: jdk.internal.foreign.ConfinedSession 
{0x00000000f5fa46e0} - klass: 'jdk/internal/foreign/ConfinedSession' - flags: 

 - ---- fields (total size 4 words):
 - 'state' 'I' @12  0 (0x00000000)
 - 'acquireCount' 'I' @16  1 (0x00000001)
 - final 'resourceList' 'Ljdk/internal/foreign/MemorySessionImpl$ResourceList;' @20  a 'jdk/internal/foreign/ConfinedSession$ConfinedResourceList'{0x00000000f5fa4700} (0xf5fa4700)
 - final 'owner' 'Ljava/lang/Thread;' @24  a 'java/lang/Thread'{0x00000000f61e89d0} (0xf61e89d0)
 - private 'asyncReleaseCount' 'I' @28  0 (0x00000000)

Lock stack of current Java thread (top to bottom):

--------------------------------------------------------------------------------
Decoding CodeBlob, name: nep_invoker_blob, at  [0x00007fe280ef6c60, 0x00007fe280ef6d48]  232 bytes
[MachCode]
  0x00007fe280ef6c60: 5548 8bec | c5f8 7749 | 89af 9004 | 0000 49ba | 646c ef80 | e27f 0000 | 4d89 9788 | 0400 0049 
  0x00007fe280ef6c80: 89a7 8004 | 0000 41c7 | 872c 0500 | 0004 0000 | 004c 8bd6 | 488b f148 | 8bfa 41ff | d2c5 f877 
  0x00007fe280ef6ca0: 41c7 872c | 0500 0005 | 0000 00f0 | 8344 24c0 | 0049 3b6f | 280f 874d | 0000 0041 | 83bf 2805 
  0x00007fe280ef6cc0: 0000 000f | 853f 0000 | 0041 c787 | 2c05 0000 | 0800 0000 | 4183 bfa8 | 0500 0002 | 0f84 4400 
  0x00007fe280ef6ce0: 0000 49c7 | 8780 0400 | 0000 0000 | 0049 c787 | 9004 0000 | 0000 0000 | 49c7 8788 | 0400 0000 
  0x00007fe280ef6d00: 0000 00c5 | f877 c9c3 | 498b ffc5 | f877 4c8b | e448 83ec | 0048 83e4 | f0e8 2232 | 1119 498b 
  0x00007fe280ef6d20: e44d 33e4 | eba3 c5f8 | 774c 8be4 | 4883 ec00 | 4883 e4f0 | e8f7 c65e | 1949 8be4 | 4d33 e4eb 
  0x00007fe280ef6d40: a1f4 f4f4 | f4f4 f4f4 
[/MachCode]
--------------------------------------------------------------------------------


Compiled method (c1) 3763 3119   !   3       jdk.internal.foreign.abi.DowncallStub/0x000000001917c000::invoke (198 bytes)
 total in heap  [0x00007fe279eb4d88,0x00007fe279eb8138] = 13232
 main code      [0x00007fe279eb4e80,0x00007fe279eb8018] = 12696
 stub code      [0x00007fe279eb8018,0x00007fe279eb8108] = 240
 oops           [0x00007fe279eb8108,0x00007fe279eb8138] = 48
 mutable data [0x00007fe2542f9700,0x00007fe2542f99a8] = 680
 relocation     [0x00007fe2542f9700,0x00007fe2542f9928] = 552
 metadata       [0x00007fe2542f9928,0x00007fe2542f99a8] = 128
 immutable data [0x00007fe2542f8db0,0x00007fe2542f96f8] = 2376
 dependencies   [0x00007fe2542f8db0,0x00007fe2542f8dd0] = 32
 nul chk table  [0x00007fe2542f8dd0,0x00007fe2542f8e40] = 112
 handler table  [0x00007fe2542f8e40,0x00007fe2542f9050] = 528
 scopes pcs     [0x00007fe2542f9050,0x00007fe2542f9300] = 688
 scopes data    [0x00007fe2542f9300,0x00007fe2542f96f8] = 1016

[Constant Pool (empty)]

[MachCode]
[Verified Entry Point]
  # {method} {0x00007fe250c39c48} 'invoke' '(Ljava/lang/foreign/SegmentAllocator;Ljava/lang/foreign/MemorySegment;Ljava/lang/foreign/MemorySegment;Ljava/lang/foreign/MemorySegment;)V' in 'jdk/internal/foreign/abi/DowncallStub+0x000000001917c000'
  # parm0:    rsi:rsi   = 'java/lang/foreign/SegmentAllocator'
  # parm1:    rdx:rdx   = 'java/lang/foreign/MemorySegment'
  # parm2:    rcx:rcx   = 'java/lang/foreign/MemorySegment'
  # parm3:    r8:r8     = 'java/lang/foreign/MemorySegment'
  #           [sp+0x150]  (sp of caller)
  0x00007fe279eb4e80: 8984 2400 | c0fe ff55 | 4881 ec40 | 0100 0090 | 4181 7f20 | 0100 0000 

  0x00007fe279eb4e98: ;   {runtime_call Stub::method_entry_barrier}
  0x00007fe279eb4e98: 7405 e841 | 1fe7 0648 | 898c 24d8 | 0000 004c | 8984 24e0 

  0x00007fe279eb4eac: ;   {metadata(method data for {method} {0x00007fe250c39c48} 'invoke' '(Ljava/lang/foreign/SegmentAllocator;Ljava/lang/foreign/MemorySegment;Ljava/lang/foreign/MemorySegment;Ljava/lang/foreign/MemorySegment;)V' in 'jdk/internal/foreign/abi/DowncallStub+0x000000001917c000')}
  0x00007fe279eb4eac: 0000 0048 | bf00 80cc | 50e2 7f00 | 008b 9f90 | 0000 0083 | c302 899f | 9000 0000 | 81e3 fe07 
  0x00007fe279eb4ecc: 0000 85db | 0f84 3b2b | 0000 4885 

  0x00007fe279eb4ed8: ;   {metadata(method data for {method} {0x00007fe250c39c48} 'invoke' '(Ljava/lang/foreign/SegmentAllocator;Ljava/lang/foreign/MemorySegment;Ljava/lang/foreign/MemorySegment;Ljava/lang/foreign/MemorySegment;)V' in 'jdk/internal/foreign/abi/DowncallStub+0x000000001917c000')}
  0x00007fe279eb4ed8: d248 bb00 | 80cc 50e2 | 7f00 0075 | 0c80 8bd1 | 0000 0001 | e9f1 0100 | 008b 4208 | 41ba 0000 
  0x00007fe279eb4ef8: 0018 4903 | c248 3b83 | e000 0000 | 750d 4883 | 83e8 0000 | 0001 e9aa | 0100 0048 | 3b83 f000 
  0x00007fe279eb4f18: 0000 750d | 4883 83f8 | 0000 0001 | e994 0100 | 0048 3b83 | 0001 0000 | 750d 4883 | 8308 0100 
  0x00007fe279eb4f38: 0001 e97e | 0100 0048 | 3b83 1001 | 0000 750d | 4883 8318 | 0100 0001 | e968 0100 | 0048 3b83 
  0x00007fe279eb4f58: 2001 0000 | 750d 4883 | 8328 0100 | 0001 e952 | 0100 0048 | 3b83 3001 | 0000 750d | 4883 8338 
  0x00007fe279eb4f78: 0100 0001 | e93c 0100 | 0048 3b83 | 4001 0000 | 750d 4883 | 8348 0100 | 0001 e926 | 0100 0048 
  0x00007fe279eb4f98: 3b83 5001 | 0000 750d | 4883 8358 | 0100 0001 | e910 0100 | 0048 83bb | e000 0000 | 0075 1748 
  0x00007fe279eb4fb8: 8983 e000 | 0000 48c7 | 83e8 0000 | 0001 0000 | 00e9 ef00 | 0000 4883 | bbf0 0000 | 0000 7517 
  0x00007fe279eb4fd8: ;   {other}
  0x00007fe279eb4fd8: 4889 83f0 | 0000 0048 | c783 f800 | 0000 0100 | 0000 e9ce | 0000 0048 | 83bb 0001 | 0000 0075 
  0x00007fe279eb4ff8: 1748 8983 | 0001 0000 | 48c7 8308 | 0100 0001 | 0000 00e9 | ad00 0000 | 4883 bb10 | 0100 0000 
  0x00007fe279eb5018: 7517 4889 | 8310 0100 | 0048 c783 | 1801 0000 | 0100 0000 | e98c 0000 | 0048 83bb | 2001 0000 
  0x00007fe279eb5038: 0075 1748 | 8983 2001 | 0000 48c7 | 8328 0100 | 0001 0000 | 00e9 6b00 | 0000 4883 | bb30 0100 
  0x00007fe279eb5058: 0000 7517 | 4889 8330 | 0100 0048 | c783 3801 | 0000 0100 | 0000 e94a | 0000 0048 | 83bb 4001 
  0x00007fe279eb5078: 0000 0075 | 1748 8983 | 4001 0000 | 48c7 8348 | 0100 0001 | 0000 00e9 | 2900 0000 | 4883 bb50 
  0x00007fe279eb5098: 0100 0000 | 7517 4889 | 8350 0100 | 0048 c783 | 5801 0000 | 0100 0000 | e908 0000 | 0048 8383 
  0x00007fe279eb50b8: d800 0000 

  0x00007fe279eb50bc: ;   {metadata('jdk/internal/foreign/AbstractMemorySegmentImpl')}
  0x00007fe279eb50bc: 0148 b8d0 | acbb 50e2 | 7f00 008b | 5a08 41ba | 0000 0018 | 4903 da48 | 3b43 380f | 8555 2900 
  0x00007fe279eb50dc: 00e9 0000 | 0000 488b | f248 3b06 

  0x00007fe279eb50e8: ;   {metadata(method data for {method} {0x00007fe250c39c48} 'invoke' '(Ljava/lang/foreign/SegmentAllocator;Ljava/lang/foreign/MemorySegment;Ljava/lang/foreign/MemorySegment;Ljava/lang/foreign/MemorySegment;)V' in 'jdk/internal/foreign/abi/DowncallStub+0x000000001917c000')}
  0x00007fe279eb50e8: 488b fe48 | bb00 80cc | 50e2 7f00 | 008b 7f08 | 41ba 0000 | 0018 4903 | fa48 3bbb | 7001 0000 
  0x00007fe279eb5108: 750d 4883 | 8378 0100 | 0001 e9aa | 0100 0048 | 3bbb 8001 | 0000 750d | 4883 8388 | 0100 0001 
  0x00007fe279eb5128: e994 0100 | 0048 3bbb | 9001 0000 | 750d 4883 | 8398 0100 | 0001 e97e | 0100 0048 | 3bbb a001 
  0x00007fe279eb5148: 0000 750d | 4883 83a8 | 0100 0001 | e968 0100 | 0048 3bbb | b001 0000 | 750d 4883 | 83b8 0100 
  0x00007fe279eb5168: 0001 e952 | 0100 0048 | 3bbb c001 | 0000 750d | 4883 83c8 | 0100 0001 | e93c 0100 | 0048 3bbb 
  0x00007fe279eb5188: d001 0000 | 750d 4883 | 83d8 0100 | 0001 e926 | 0100 0048 | 3bbb e001 | 0000 750d | 4883 83e8 
  0x00007fe279eb51a8: 0100 0001 | e910 0100 | 0048 83bb | 7001 0000 | 0075 1748 | 89bb 7001 | 0000 48c7 | 8378 0100 
  0x00007fe279eb51c8: 0001 0000 | 00e9 ef00 | 0000 4883 | bb80 0100 | 0000 7517 | 4889 bb80 | 0100 0048 | c783 8801 
  0x00007fe279eb51e8: ;   {other}
  0x00007fe279eb51e8: 0000 0100 | 0000 e9ce | 0000 0048 | 83bb 9001 | 0000 0075 | 1748 89bb | 9001 0000 | 48c7 8398 
  0x00007fe279eb5208: 0100 0001 | 0000 00e9 | ad00 0000 | 4883 bba0 | 0100 0000 | 7517 4889 | bba0 0100 | 0048 c783 
  0x00007fe279eb5228: a801 0000 | 0100 0000 | e98c 0000 | 0048 83bb | b001 0000 | 0075 1748 | 89bb b001 | 0000 48c7 
  0x00007fe279eb5248: 83b8 0100 | 0001 0000 | 00e9 6b00 | 0000 4883 | bbc0 0100 | 0000 7517 | 4889 bbc0 | 0100 0048 
  0x00007fe279eb5268: c783 c801 | 0000 0100 | 0000 e94a | 0000 0048 | 83bb d001 | 0000 0075 | 1748 89bb | d001 0000 
  0x00007fe279eb5288: 48c7 83d8 | 0100 0001 | 0000 00e9 | 2900 0000 | 4883 bbe0 | 0100 0000 | 7517 4889 | bbe0 0100 
  0x00007fe279eb52a8: 0048 c783 | e801 0000 | 0100 0000 | e908 0000 | 0048 8383 | 6801 0000 | 018b 7e18 

  0x00007fe279eb52c4: ; implicit exception: dispatches to 0x00007fe279eb7a40
  0x00007fe279eb52c4: 483b 0748 

  0x00007fe279eb52c8: ;   {metadata(method data for {method} {0x00007fe250c39c48} 'invoke' '(Ljava/lang/foreign/SegmentAllocator;Ljava/lang/foreign/MemorySegment;Ljava/lang/foreign/MemorySegment;Ljava/lang/foreign/MemorySegment;)V' in 'jdk/internal/foreign/abi/DowncallStub+0x000000001917c000')}
  0x00007fe279eb52c8: 8bf7 48bb | 0080 cc50 | e27f 0000 | 8b76 0841 | ba00 0000 | 1849 03f2 | 483b b300 | 0200 0075 
  0x00007fe279eb52e8: 0d48 8383 | 0802 0000 | 01e9 aa01 | 0000 483b | b310 0200 | 0075 0d48 | 8383 1802 | 0000 01e9 
  0x00007fe279eb5308: 9401 0000 | 483b b320 | 0200 0075 | 0d48 8383 | 2802 0000 | 01e9 7e01 | 0000 483b | b330 0200 
  0x00007fe279eb5328: 0075 0d48 | 8383 3802 | 0000 01e9 | 6801 0000 | 483b b340 | 0200 0075 | 0d48 8383 | 4802 0000 
  0x00007fe279eb5348: 01e9 5201 | 0000 483b | b350 0200 | 0075 0d48 | 8383 5802 | 0000 01e9 | 3c01 0000 | 483b b360 
  0x00007fe279eb5368: 0200 0075 | 0d48 8383 | 6802 0000 | 01e9 2601 | 0000 483b | b370 0200 | 0075 0d48 | 8383 7802 
  0x00007fe279eb5388: 0000 01e9 | 1001 0000 | 4883 bb00 | 0200 0000 | 7517 4889 | b300 0200 | 0048 c783 | 0802 0000 
  0x00007fe279eb53a8: 0100 0000 | e9ef 0000 | 0048 83bb | 1002 0000 | 0075 1748 | 89b3 1002 | 0000 48c7 | 8318 0200 
  0x00007fe279eb53c8: ;   {other}
  0x00007fe279eb53c8: 0001 0000 | 00e9 ce00 | 0000 4883 | bb20 0200 | 0000 7517 | 4889 b320 | 0200 0048 | c783 2802 
  0x00007fe279eb53e8: 0000 0100 | 0000 e9ad | 0000 0048 | 83bb 3002 | 0000 0075 | 1748 89b3 | 3002 0000 | 48c7 8338 
  0x00007fe279eb5408: 0200 0001 | 0000 00e9 | 8c00 0000 | 4883 bb40 | 0200 0000 | 7517 4889 | b340 0200 | 0048 c783 
  0x00007fe279eb5428: 4802 0000 | 0100 0000 | e96b 0000 | 0048 83bb | 5002 0000 | 0075 1748 | 89b3 5002 | 0000 48c7 
  0x00007fe279eb5448: 8358 0200 | 0001 0000 | 00e9 4a00 | 0000 4883 | bb60 0200 | 0000 7517 | 4889 b360 | 0200 0048 
  0x00007fe279eb5468: c783 6802 | 0000 0100 | 0000 e929 | 0000 0048 | 83bb 7002 | 0000 0075 | 1748 89b3 | 7002 0000 
  0x00007fe279eb5488: 48c7 8378 | 0200 0001 | 0000 00e9 | 0800 0000 | 4883 83f8 | 0100 0001 | 488b f748 | 89bc 24e8 
  0x00007fe279eb54a8: 0000 0048 | 8994 24d0 | 0000 0066 | 9048 b830 | 9e2f 54e2 

  0x00007fe279eb54bc: ;   {virtual_call}
  0x00007fe279eb54bc: 7f00 00e8 

  0x00007fe279eb54c0: ; ImmutableOopMap {[208]=Oop [216]=Oop [224]=Oop [232]=Oop }
                      ;*invokevirtual acquire0 {reexecute=0 rethrow=0 return_oop=0}
                      ; - jdk.internal.foreign.abi.DowncallStub/0x000000001917c000::invoke@23
  0x00007fe279eb54c0: 4ea2 fbff 

  0x00007fe279eb54c4: ;   {post_call_nop}
  0x00007fe279eb54c4: 0f1f 8400 | 3c07 0000 

  0x00007fe279eb54cc: ;   {metadata(method data for {method} {0x00007fe250c39c48} 'invoke' '(Ljava/lang/foreign/SegmentAllocator;Ljava/lang/foreign/MemorySegment;Ljava/lang/foreign/MemorySegment;Ljava/lang/foreign/MemorySegment;)V' in 'jdk/internal/foreign/abi/DowncallStub+0x000000001917c000')}
  0x00007fe279eb54cc: 48be 0080 | cc50 e27f | 0000 4883 | 8688 0200 | 0001 488b | b424 d000 

  0x00007fe279eb54e4: ;   {static_call}
  0x00007fe279eb54e4: 0000 90e8 

  0x00007fe279eb54e8: ; ImmutableOopMap {[208]=Oop [216]=Oop [224]=Oop [232]=Oop }
                      ;*invokestatic checkNative {reexecute=0 rethrow=0 return_oop=0}
                      ; - jdk.internal.foreign.abi.DowncallStub/0x000000001917c000::invoke@29
  0x00007fe279eb54e8: 94b0 faff 

  0x00007fe279eb54ec: ;   {post_call_nop}
  0x00007fe279eb54ec: 0f1f 8400 | 6407 0001 | 488b 9424 | d000 0000 

  0x00007fe279eb54fc: ;   {metadata(method data for {method} {0x00007fe250c39c48} 'invoke' '(Ljava/lang/foreign/SegmentAllocator;Ljava/lang/foreign/MemorySegment;Ljava/lang/foreign/MemorySegment;Ljava/lang/foreign/MemorySegment;)V' in 'jdk/internal/foreign/abi/DowncallStub+0x000000001917c000')}
  0x00007fe279eb54fc: 4885 d248 | bb00 80cc | 50e2 7f00 | 0075 0c80 | 8b91 0200 | 0001 e9f1 | 0100 008b | 4208 41ba 
  0x00007fe279eb551c: 0000 0018 | 4903 c248 | 3b83 a002 | 0000 750d | 4883 83a8 | 0200 0001 | e9aa 0100 | 0048 3b83 
  0x00007fe279eb553c: b002 0000 | 750d 4883 | 83b8 0200 | 0001 e994 | 0100 0048 | 3b83 c002 | 0000 750d | 4883 83c8 
  0x00007fe279eb555c: 0200 0001 | e97e 0100 | 0048 3b83 | d002 0000 | 750d 4883 | 83d8 0200 | 0001 e968 | 0100 0048 
  0x00007fe279eb557c: 3b83 e002 | 0000 750d | 4883 83e8 | 0200 0001 | e952 0100 | 0048 3b83 | f002 0000 | 750d 4883 
  0x00007fe279eb559c: 83f8 0200 | 0001 e93c | 0100 0048 | 3b83 0003 | 0000 750d | 4883 8308 | 0300 0001 | e926 0100 
  0x00007fe279eb55bc: 0048 3b83 | 1003 0000 | 750d 4883 | 8318 0300 | 0001 e910 | 0100 0048 | 83bb a002 | 0000 0075 
  0x00007fe279eb55dc: 1748 8983 | a002 0000 | 48c7 83a8 | 0200 0001 | 0000 00e9 | ef00 0000 | 4883 bbb0 | 0200 0000 
  0x00007fe279eb55fc: ;   {other}
  0x00007fe279eb55fc: 7517 4889 | 83b0 0200 | 0048 c783 | b802 0000 | 0100 0000 | e9ce 0000 | 0048 83bb | c002 0000 
  0x00007fe279eb561c: 0075 1748 | 8983 c002 | 0000 48c7 | 83c8 0200 | 0001 0000 | 00e9 ad00 | 0000 4883 | bbd0 0200 
  0x00007fe279eb563c: 0000 7517 | 4889 83d0 | 0200 0048 | c783 d802 | 0000 0100 | 0000 e98c | 0000 0048 | 83bb e002 
  0x00007fe279eb565c: 0000 0075 | 1748 8983 | e002 0000 | 48c7 83e8 | 0200 0001 | 0000 00e9 | 6b00 0000 | 4883 bbf0 
  0x00007fe279eb567c: 0200 0000 | 7517 4889 | 83f0 0200 | 0048 c783 | f802 0000 | 0100 0000 | e94a 0000 | 0048 83bb 
  0x00007fe279eb569c: 0003 0000 | 0075 1748 | 8983 0003 | 0000 48c7 | 8308 0300 | 0001 0000 | 00e9 2900 | 0000 4883 
  0x00007fe279eb56bc: bb10 0300 | 0000 7517 | 4889 8310 | 0300 0048 | c783 1803 | 0000 0100 | 0000 e908 | 0000 0048 
  0x00007fe279eb56dc: 8383 9802 

  0x00007fe279eb56e0: ;   {metadata('jdk/internal/foreign/AbstractMemorySegmentImpl')}
  0x00007fe279eb56e0: 0000 0148 | b8d0 acbb | 50e2 7f00 | 008b 5a08 | 41ba 0000 | 0018 4903 | da48 3b43 | 380f 8542 
  0x00007fe279eb5700: 2300 00e9 | 0000 0000 | 488b f248 | 3b06 488b 

  0x00007fe279eb5710: ;   {metadata(method data for {method} {0x00007fe250c39c48} 'invoke' '(Ljava/lang/foreign/SegmentAllocator;Ljava/lang/foreign/MemorySegment;Ljava/lang/foreign/MemorySegment;Ljava/lang/foreign/MemorySegment;)V' in 'jdk/internal/foreign/abi/DowncallStub+0x000000001917c000')}
  0x00007fe279eb5710: fe48 bb00 | 80cc 50e2 

  0x00007fe279eb5718: ;   {metadata('jdk/internal/foreign/NativeMemorySegmentImpl')}
  0x00007fe279eb5718: 7f00 0049 | ba48 440e | 1900 0000 | 004c 8993 | 3003 0000 | 4883 8338 | 0300 0001 | 488b 7e20 
  0x00007fe279eb5738: 488b 8c24 | d800 0000 

  0x00007fe279eb5740: ;   {metadata(method data for {method} {0x00007fe250c39c48} 'invoke' '(Ljava/lang/foreign/SegmentAllocator;Ljava/lang/foreign/MemorySegment;Ljava/lang/foreign/MemorySegment;Ljava/lang/foreign/MemorySegment;)V' in 'jdk/internal/foreign/abi/DowncallStub+0x000000001917c000')}
  0x00007fe279eb5740: 4885 c948 | b800 80cc | 50e2 7f00 | 0075 0c80 | 88b1 0300 | 0001 e9f1 | 0100 008b | 5108 41ba 
  0x00007fe279eb5760: 0000 0018 | 4903 d248 | 3b90 c003 | 0000 750d | 4883 80c8 | 0300 0001 | e9aa 0100 | 0048 3b90 
  0x00007fe279eb5780: d003 0000 | 750d 4883 | 80d8 0300 | 0001 e994 | 0100 0048 | 3b90 e003 | 0000 750d | 4883 80e8 
  0x00007fe279eb57a0: 0300 0001 | e97e 0100 | 0048 3b90 | f003 0000 | 750d 4883 | 80f8 0300 | 0001 e968 | 0100 0048 
  0x00007fe279eb57c0: 3b90 0004 | 0000 750d | 4883 8008 | 0400 0001 | e952 0100 | 0048 3b90 | 1004 0000 | 750d 4883 
  0x00007fe279eb57e0: 8018 0400 | 0001 e93c | 0100 0048 | 3b90 2004 | 0000 750d | 4883 8028 | 0400 0001 | e926 0100 
  0x00007fe279eb5800: 0048 3b90 | 3004 0000 | 750d 4883 | 8038 0400 | 0001 e910 | 0100 0048 | 83b8 c003 | 0000 0075 
  0x00007fe279eb5820: 1748 8990 | c003 0000 | 48c7 80c8 | 0300 0001 | 0000 00e9 | ef00 0000 | 4883 b8d0 | 0300 0000 
  0x00007fe279eb5840: ;   {other}
  0x00007fe279eb5840: 7517 4889 | 90d0 0300 | 0048 c780 | d803 0000 | 0100 0000 | e9ce 0000 | 0048 83b8 | e003 0000 
  0x00007fe279eb5860: 0075 1748 | 8990 e003 | 0000 48c7 | 80e8 0300 | 0001 0000 | 00e9 ad00 | 0000 4883 | b8f0 0300 
  0x00007fe279eb5880: 0000 7517 | 4889 90f0 | 0300 0048 | c780 f803 | 0000 0100 | 0000 e98c | 0000 0048 | 83b8 0004 
  0x00007fe279eb58a0: 0000 0075 | 1748 8990 | 0004 0000 | 48c7 8008 | 0400 0001 | 0000 00e9 | 6b00 0000 | 4883 b810 
  0x00007fe279eb58c0: 0400 0000 | 7517 4889 | 9010 0400 | 0048 c780 | 1804 0000 | 0100 0000 | e94a 0000 | 0048 83b8 
  0x00007fe279eb58e0: 2004 0000 | 0075 1748 | 8990 2004 | 0000 48c7 | 8028 0400 | 0001 0000 | 00e9 2900 | 0000 4883 
  0x00007fe279eb5900: b830 0400 | 0000 7517 | 4889 9030 | 0400 0048 | c780 3804 | 0000 0100 | 0000 e908 | 0000 0048 
  0x00007fe279eb5920: 8380 b803 

  0x00007fe279eb5924: ;   {metadata('jdk/internal/foreign/AbstractMemorySegmentImpl')}
  0x00007fe279eb5924: 0000 0148 | bad0 acbb | 50e2 7f00 | 008b 4108 | 41ba 0000 | 0018 4903 | c248 3b50 | 380f 850c 
  0x00007fe279eb5944: 2100 00e9 | 0000 0000 | 488b f148 | 3b06 488b 

  0x00007fe279eb5954: ;   {metadata(method data for {method} {0x00007fe250c39c48} 'invoke' '(Ljava/lang/foreign/SegmentAllocator;Ljava/lang/foreign/MemorySegment;Ljava/lang/foreign/MemorySegment;Ljava/lang/foreign/MemorySegment;)V' in 'jdk/internal/foreign/abi/DowncallStub+0x000000001917c000')}
  0x00007fe279eb5954: de48 b800 | 80cc 50e2 | 7f00 008b | 5b08 41ba | 0000 0018 | 4903 da48 | 3b98 5004 | 0000 750d 
  0x00007fe279eb5974: 4883 8058 | 0400 0001 | e9aa 0100 | 0048 3b98 | 6004 0000 | 750d 4883 | 8068 0400 | 0001 e994 
  0x00007fe279eb5994: 0100 0048 | 3b98 7004 | 0000 750d | 4883 8078 | 0400 0001 | e97e 0100 | 0048 3b98 | 8004 0000 
  0x00007fe279eb59b4: 750d 4883 | 8088 0400 | 0001 e968 | 0100 0048 | 3b98 9004 | 0000 750d | 4883 8098 | 0400 0001 
  0x00007fe279eb59d4: e952 0100 | 0048 3b98 | a004 0000 | 750d 4883 | 80a8 0400 | 0001 e93c | 0100 0048 | 3b98 b004 
  0x00007fe279eb59f4: 0000 750d | 4883 80b8 | 0400 0001 | e926 0100 | 0048 3b98 | c004 0000 | 750d 4883 | 80c8 0400 
  0x00007fe279eb5a14: 0001 e910 | 0100 0048 | 83b8 5004 | 0000 0075 | 1748 8998 | 5004 0000 | 48c7 8058 | 0400 0001 
  0x00007fe279eb5a34: 0000 00e9 | ef00 0000 | 4883 b860 | 0400 0000 | 7517 4889 | 9860 0400 | 0048 c780 | 6804 0000 
  0x00007fe279eb5a54: ;   {other}
  0x00007fe279eb5a54: 0100 0000 | e9ce 0000 | 0048 83b8 | 7004 0000 | 0075 1748 | 8998 7004 | 0000 48c7 | 8078 0400 
  0x00007fe279eb5a74: 0001 0000 | 00e9 ad00 | 0000 4883 | b880 0400 | 0000 7517 | 4889 9880 | 0400 0048 | c780 8804 
  0x00007fe279eb5a94: 0000 0100 | 0000 e98c | 0000 0048 | 83b8 9004 | 0000 0075 | 1748 8998 | 9004 0000 | 48c7 8098 
  0x00007fe279eb5ab4: 0400 0001 | 0000 00e9 | 6b00 0000 | 4883 b8a0 | 0400 0000 | 7517 4889 | 98a0 0400 | 0048 c780 
  0x00007fe279eb5ad4: a804 0000 | 0100 0000 | e94a 0000 | 0048 83b8 | b004 0000 | 0075 1748 | 8998 b004 | 0000 48c7 
  0x00007fe279eb5af4: 80b8 0400 | 0001 0000 | 00e9 2900 | 0000 4883 | b8c0 0400 | 0000 7517 | 4889 98c0 | 0400 0048 
  0x00007fe279eb5b14: c780 c804 | 0000 0100 | 0000 e908 | 0000 0048 | 8380 4804 | 0000 018b | 5e18 4889 | 9c24 f000 
  0x00007fe279eb5b34: 0000 483b | 0348 8bf3 

  0x00007fe279eb5b3c: ;   {metadata(method data for {method} {0x00007fe250c39c48} 'invoke' '(Ljava/lang/foreign/SegmentAllocator;Ljava/lang/foreign/MemorySegment;Ljava/lang/foreign/MemorySegment;Ljava/lang/foreign/MemorySegment;)V' in 'jdk/internal/foreign/abi/DowncallStub+0x000000001917c000')}
  0x00007fe279eb5b3c: 48b8 0080 | cc50 e27f | 0000 8b76 | 0841 ba00 | 0000 1849 | 03f2 483b | b0e0 0400 | 0075 0d48 
  0x00007fe279eb5b5c: 8380 e804 | 0000 01e9 | aa01 0000 | 483b b0f0 | 0400 0075 | 0d48 8380 | f804 0000 | 01e9 9401 
  0x00007fe279eb5b7c: 0000 483b | b000 0500 | 0075 0d48 | 8380 0805 | 0000 01e9 | 7e01 0000 | 483b b010 | 0500 0075 
  0x00007fe279eb5b9c: 0d48 8380 | 1805 0000 | 01e9 6801 | 0000 483b | b020 0500 | 0075 0d48 | 8380 2805 | 0000 01e9 
  0x00007fe279eb5bbc: 5201 0000 | 483b b030 | 0500 0075 | 0d48 8380 | 3805 0000 | 01e9 3c01 | 0000 483b | b040 0500 
  0x00007fe279eb5bdc: 0075 0d48 | 8380 4805 | 0000 01e9 | 2601 0000 | 483b b050 | 0500 0075 | 0d48 8380 | 5805 0000 
  0x00007fe279eb5bfc: 01e9 1001 | 0000 4883 | b8e0 0400 | 0000 7517 | 4889 b0e0 | 0400 0048 | c780 e804 | 0000 0100 
  0x00007fe279eb5c1c: 0000 e9ef | 0000 0048 | 83b8 f004 | 0000 0075 | 1748 89b0 | f004 0000 | 48c7 80f8 

  0x00007fe279eb5c38: ;   {other}
  0x00007fe279eb5c38: 0400 0001 | 0000 00e9 | ce00 0000 | 4883 b800 | 0500 0000 | 7517 4889 | b000 0500 | 0048 c780 
  0x00007fe279eb5c58: 0805 0000 | 0100 0000 | e9ad 0000 | 0048 83b8 | 1005 0000 | 0075 1748 | 89b0 1005 | 0000 48c7 
  0x00007fe279eb5c78: 8018 0500 | 0001 0000 | 00e9 8c00 | 0000 4883 | b820 0500 | 0000 7517 | 4889 b020 | 0500 0048 
  0x00007fe279eb5c98: c780 2805 | 0000 0100 | 0000 e96b | 0000 0048 | 83b8 3005 | 0000 0075 | 1748 89b0 | 3005 0000 
  0x00007fe279eb5cb8: 48c7 8038 | 0500 0001 | 0000 00e9 | 4a00 0000 | 4883 b840 | 0500 0000 | 7517 4889 | b040 0500 
  0x00007fe279eb5cd8: 0048 c780 | 4805 0000 | 0100 0000 | e929 0000 | 0048 83b8 | 5005 0000 | 0075 1748 | 89b0 5005 
  0x00007fe279eb5cf8: 0000 48c7 | 8058 0500 | 0001 0000 | 00e9 0800 | 0000 4883 | 80d8 0400 | 0001 488b | f348 89bc 
  0x00007fe279eb5d18: 24f8 0000 | 0048 b858 | 9e2f 54e2 

  0x00007fe279eb5d24: ;   {virtual_call}
  0x00007fe279eb5d24: 7f00 00e8 

  0x00007fe279eb5d28: ; ImmutableOopMap {[216]=Oop [224]=Oop [232]=Oop [240]=Oop }
                      ;*invokevirtual acquire0 {reexecute=0 rethrow=0 return_oop=0}
                      ; - jdk.internal.foreign.abi.DowncallStub/0x000000001917c000::invoke@49
  0x00007fe279eb5d28: e438 f606 

  0x00007fe279eb5d2c: ;   {post_call_nop}
  0x00007fe279eb5d2c: 0f1f 8400 | a40f 0002 

  0x00007fe279eb5d34: ;   {metadata(method data for {method} {0x00007fe250c39c48} 'invoke' '(Ljava/lang/foreign/SegmentAllocator;Ljava/lang/foreign/MemorySegment;Ljava/lang/foreign/MemorySegment;Ljava/lang/foreign/MemorySegment;)V' in 'jdk/internal/foreign/abi/DowncallStub+0x000000001917c000')}
  0x00007fe279eb5d34: 48be 0080 | cc50 e27f | 0000 4883 | 8668 0500 | 0001 488b | b424 d800 

  0x00007fe279eb5d4c: ;   {static_call}
  0x00007fe279eb5d4c: 0000 90e8 

  0x00007fe279eb5d50: ; ImmutableOopMap {[216]=Oop [224]=Oop [232]=Oop [240]=Oop }
                      ;*invokestatic checkNative {reexecute=0 rethrow=0 return_oop=0}
                      ; - jdk.internal.foreign.abi.DowncallStub/0x000000001917c000::invoke@55
  0x00007fe279eb5d50: 2ca8 faff 

  0x00007fe279eb5d54: ;   {post_call_nop}
  0x00007fe279eb5d54: 0f1f 8400 | cc0f 0003 | 488b 8c24 | d800 0000 

  0x00007fe279eb5d64: ;   {metadata(method data for {method} {0x00007fe250c39c48} 'invoke' '(Ljava/lang/foreign/SegmentAllocator;Ljava/lang/foreign/MemorySegment;Ljava/lang/foreign/MemorySegment;Ljava/lang/foreign/MemorySegment;)V' in 'jdk/internal/foreign/abi/DowncallStub+0x000000001917c000')}
  0x00007fe279eb5d64: 4885 c948 | bb00 80cc | 50e2 7f00 | 0075 0c80 | 8b71 0500 | 0001 e9f1 | 0100 008b | 4108 41ba 
  0x00007fe279eb5d84: 0000 0018 | 4903 c248 | 3b83 8005 | 0000 750d | 4883 8388 | 0500 0001 | e9aa 0100 | 0048 3b83 
  0x00007fe279eb5da4: 9005 0000 | 750d 4883 | 8398 0500 | 0001 e994 | 0100 0048 | 3b83 a005 | 0000 750d | 4883 83a8 
  0x00007fe279eb5dc4: 0500 0001 | e97e 0100 | 0048 3b83 | b005 0000 | 750d 4883 | 83b8 0500 | 0001 e968 | 0100 0048 
  0x00007fe279eb5de4: 3b83 c005 | 0000 750d | 4883 83c8 | 0500 0001 | e952 0100 | 0048 3b83 | d005 0000 | 750d 4883 
  0x00007fe279eb5e04: 83d8 0500 | 0001 e93c | 0100 0048 | 3b83 e005 | 0000 750d | 4883 83e8 | 0500 0001 | e926 0100 
  0x00007fe279eb5e24: 0048 3b83 | f005 0000 | 750d 4883 | 83f8 0500 | 0001 e910 | 0100 0048 | 83bb 8005 | 0000 0075 
  0x00007fe279eb5e44: 1748 8983 | 8005 0000 | 48c7 8388 | 0500 0001 | 0000 00e9 | ef00 0000 | 4883 bb90 | 0500 0000 
  0x00007fe279eb5e64: ;   {other}
  0x00007fe279eb5e64: 7517 4889 | 8390 0500 | 0048 c783 | 9805 0000 | 0100 0000 | e9ce 0000 | 0048 83bb | a005 0000 
  0x00007fe279eb5e84: 0075 1748 | 8983 a005 | 0000 48c7 | 83a8 0500 | 0001 0000 | 00e9 ad00 | 0000 4883 | bbb0 0500 
  0x00007fe279eb5ea4: 0000 7517 | 4889 83b0 | 0500 0048 | c783 b805 | 0000 0100 | 0000 e98c | 0000 0048 | 83bb c005 
  0x00007fe279eb5ec4: 0000 0075 | 1748 8983 | c005 0000 | 48c7 83c8 | 0500 0001 | 0000 00e9 | 6b00 0000 | 4883 bbd0 
  0x00007fe279eb5ee4: 0500 0000 | 7517 4889 | 83d0 0500 | 0048 c783 | d805 0000 | 0100 0000 | e94a 0000 | 0048 83bb 
  0x00007fe279eb5f04: e005 0000 | 0075 1748 | 8983 e005 | 0000 48c7 | 83e8 0500 | 0001 0000 | 00e9 2900 | 0000 4883 
  0x00007fe279eb5f24: bbf0 0500 | 0000 7517 | 4889 83f0 | 0500 0048 | c783 f805 | 0000 0100 | 0000 e908 | 0000 0048 
  0x00007fe279eb5f44: 8383 7805 

  0x00007fe279eb5f48: ;   {metadata('jdk/internal/foreign/AbstractMemorySegmentImpl')}
  0x00007fe279eb5f48: 0000 0148 | b8d0 acbb | 50e2 7f00 | 008b 5908 | 41ba 0000 | 0018 4903 | da48 3b43 | 380f 85fb 
  0x00007fe279eb5f68: 1a00 00e9 | 0000 0000 | 488b f148 | 3b06 488b 

  0x00007fe279eb5f78: ;   {metadata(method data for {method} {0x00007fe250c39c48} 'invoke' '(Ljava/lang/foreign/SegmentAllocator;Ljava/lang/foreign/MemorySegment;Ljava/lang/foreign/MemorySegment;Ljava/lang/foreign/MemorySegment;)V' in 'jdk/internal/foreign/abi/DowncallStub+0x000000001917c000')}
  0x00007fe279eb5f78: fe48 bb00 | 80cc 50e2 

  0x00007fe279eb5f80: ;   {metadata('jdk/internal/foreign/NativeMemorySegmentImpl')}
  0x00007fe279eb5f80: 7f00 0049 | ba48 440e | 1900 0000 | 004c 8993 | 1006 0000 | 4883 8318 | 0600 0001 | 488b 7e20 
  0x00007fe279eb5fa0: 4c8b 8424 | e000 0000 

  0x00007fe279eb5fa8: ;   {metadata(method data for {method} {0x00007fe250c39c48} 'invoke' '(Ljava/lang/foreign/SegmentAllocator;Ljava/lang/foreign/MemorySegment;Ljava/lang/foreign/MemorySegment;Ljava/lang/foreign/MemorySegment;)V' in 'jdk/internal/foreign/abi/DowncallStub+0x000000001917c000')}
  0x00007fe279eb5fa8: 4d85 c048 | b800 80cc | 50e2 7f00 | 0075 0c80 | 8891 0600 | 0001 e9f3 | 0100 0041 | 8b50 0841 
  0x00007fe279eb5fc8: ba00 0000 | 1849 03d2 | 483b 90a0 | 0600 0075 | 0d48 8380 | a806 0000 | 01e9 aa01 | 0000 483b 
  0x00007fe279eb5fe8: 90b0 0600 | 0075 0d48 | 8380 b806 | 0000 01e9 | 9401 0000 | 483b 90c0 | 0600 0075 | 0d48 8380 
  0x00007fe279eb6008: c806 0000 | 01e9 7e01 | 0000 483b | 90d0 0600 | 0075 0d48 | 8380 d806 | 0000 01e9 | 6801 0000 
  0x00007fe279eb6028: 483b 90e0 | 0600 0075 | 0d48 8380 | e806 0000 | 01e9 5201 | 0000 483b | 90f0 0600 | 0075 0d48 
  0x00007fe279eb6048: 8380 f806 | 0000 01e9 | 3c01 0000 | 483b 9000 | 0700 0075 | 0d48 8380 | 0807 0000 | 01e9 2601 
  0x00007fe279eb6068: 0000 483b | 9010 0700 | 0075 0d48 | 8380 1807 | 0000 01e9 | 1001 0000 | 4883 b8a0 | 0600 0000 
  0x00007fe279eb6088: 7517 4889 | 90a0 0600 | 0048 c780 | a806 0000 | 0100 0000 | e9ef 0000 | 0048 83b8 | b006 0000 
  0x00007fe279eb60a8: ;   {other}
  0x00007fe279eb60a8: 0075 1748 | 8990 b006 | 0000 48c7 | 80b8 0600 | 0001 0000 | 00e9 ce00 | 0000 4883 | b8c0 0600 
  0x00007fe279eb60c8: 0000 7517 | 4889 90c0 | 0600 0048 | c780 c806 | 0000 0100 | 0000 e9ad | 0000 0048 | 83b8 d006 
  0x00007fe279eb60e8: 0000 0075 | 1748 8990 | d006 0000 | 48c7 80d8 | 0600 0001 | 0000 00e9 | 8c00 0000 | 4883 b8e0 
  0x00007fe279eb6108: 0600 0000 | 7517 4889 | 90e0 0600 | 0048 c780 | e806 0000 | 0100 0000 | e96b 0000 | 0048 83b8 
  0x00007fe279eb6128: f006 0000 | 0075 1748 | 8990 f006 | 0000 48c7 | 80f8 0600 | 0001 0000 | 00e9 4a00 | 0000 4883 
  0x00007fe279eb6148: b800 0700 | 0000 7517 | 4889 9000 | 0700 0048 | c780 0807 | 0000 0100 | 0000 e929 | 0000 0048 
  0x00007fe279eb6168: 83b8 1007 | 0000 0075 | 1748 8990 | 1007 0000 | 48c7 8018 | 0700 0001 | 0000 00e9 | 0800 0000 
  0x00007fe279eb6188: 4883 8098 | 0600 0001 

  0x00007fe279eb6190: ;   {metadata('jdk/internal/foreign/AbstractMemorySegmentImpl')}
  0x00007fe279eb6190: 48ba d0ac | bb50 e27f | 0000 418b | 4008 41ba | 0000 0018 | 4903 c248 | 3b50 380f | 85c3 1800 
  0x00007fe279eb61b0: 00e9 0000 | 0000 498b | f048 3b06 

  0x00007fe279eb61bc: ;   {metadata(method data for {method} {0x00007fe250c39c48} 'invoke' '(Ljava/lang/foreign/SegmentAllocator;Ljava/lang/foreign/MemorySegment;Ljava/lang/foreign/MemorySegment;Ljava/lang/foreign/MemorySegment;)V' in 'jdk/internal/foreign/abi/DowncallStub+0x000000001917c000')}
  0x00007fe279eb61bc: 488b de48 | b800 80cc | 50e2 7f00 | 008b 5b08 | 41ba 0000 | 0018 4903 | da48 3b98 | 3007 0000 
  0x00007fe279eb61dc: 750d 4883 | 8038 0700 | 0001 e9aa | 0100 0048 | 3b98 4007 | 0000 750d | 4883 8048 | 0700 0001 
  0x00007fe279eb61fc: e994 0100 | 0048 3b98 | 5007 0000 | 750d 4883 | 8058 0700 | 0001 e97e | 0100 0048 | 3b98 6007 
  0x00007fe279eb621c: 0000 750d | 4883 8068 | 0700 0001 | e968 0100 | 0048 3b98 | 7007 0000 | 750d 4883 | 8078 0700 
  0x00007fe279eb623c: 0001 e952 | 0100 0048 | 3b98 8007 | 0000 750d | 4883 8088 | 0700 0001 | e93c 0100 | 0048 3b98 
  0x00007fe279eb625c: 9007 0000 | 750d 4883 | 8098 0700 | 0001 e926 | 0100 0048 | 3b98 a007 | 0000 750d | 4883 80a8 
  0x00007fe279eb627c: 0700 0001 | e910 0100 | 0048 83b8 | 3007 0000 | 0075 1748 | 8998 3007 | 0000 48c7 | 8038 0700 
  0x00007fe279eb629c: 0001 0000 | 00e9 ef00 | 0000 4883 | b840 0700 | 0000 7517 | 4889 9840 | 0700 0048 | c780 4807 
  0x00007fe279eb62bc: ;   {other}
  0x00007fe279eb62bc: 0000 0100 | 0000 e9ce | 0000 0048 | 83b8 5007 | 0000 0075 | 1748 8998 | 5007 0000 | 48c7 8058 
  0x00007fe279eb62dc: 0700 0001 | 0000 00e9 | ad00 0000 | 4883 b860 | 0700 0000 | 7517 4889 | 9860 0700 | 0048 c780 
  0x00007fe279eb62fc: 6807 0000 | 0100 0000 | e98c 0000 | 0048 83b8 | 7007 0000 | 0075 1748 | 8998 7007 | 0000 48c7 
  0x00007fe279eb631c: 8078 0700 | 0001 0000 | 00e9 6b00 | 0000 4883 | b880 0700 | 0000 7517 | 4889 9880 | 0700 0048 
  0x00007fe279eb633c: c780 8807 | 0000 0100 | 0000 e94a | 0000 0048 | 83b8 9007 | 0000 0075 | 1748 8998 | 9007 0000 
  0x00007fe279eb635c: 48c7 8098 | 0700 0001 | 0000 00e9 | 2900 0000 | 4883 b8a0 | 0700 0000 | 7517 4889 | 98a0 0700 
  0x00007fe279eb637c: 0048 c780 | a807 0000 | 0100 0000 | e908 0000 | 0048 8380 | 2807 0000 | 018b 5e18 | 488b 8424 
  0x00007fe279eb639c: f000 0000 

  0x00007fe279eb63a0: ;   {metadata(method data for {method} {0x00007fe250c39c48} 'invoke' '(Ljava/lang/foreign/SegmentAllocator;Ljava/lang/foreign/MemorySegment;Ljava/lang/foreign/MemorySegment;Ljava/lang/foreign/MemorySegment;)V' in 'jdk/internal/foreign/abi/DowncallStub+0x000000001917c000')}
  0x00007fe279eb63a0: 483b d848 | be00 80cc | 50e2 7f00 | 00ba b807 | 0000 7405 | bac8 0700 | 0048 8b0c | 1648 8d49 
  0x00007fe279eb63c0: 0148 890c | 1648 89bc | 2408 0100 | 000f 841e | 0200 0048 | 3b03 488b 

  0x00007fe279eb63d8: ;   {metadata(method data for {method} {0x00007fe250c39c48} 'invoke' '(Ljava/lang/foreign/SegmentAllocator;Ljava/lang/foreign/MemorySegment;Ljava/lang/foreign/MemorySegment;Ljava/lang/foreign/MemorySegment;)V' in 'jdk/internal/foreign/abi/DowncallStub+0x000000001917c000')}
  0x00007fe279eb63d8: f348 ba00 | 80cc 50e2 | 7f00 008b | 7608 41ba | 0000 0018 | 4903 f248 | 3bb2 e007 | 0000 750d 
  0x00007fe279eb63f8: 4883 82e8 | 0700 0001 | e9aa 0100 | 0048 3bb2 | f007 0000 | 750d 4883 | 82f8 0700 | 0001 e994 
  0x00007fe279eb6418: 0100 0048 | 3bb2 0008 | 0000 750d | 4883 8208 | 0800 0001 | e97e 0100 | 0048 3bb2 | 1008 0000 
  0x00007fe279eb6438: 750d 4883 | 8218 0800 | 0001 e968 | 0100 0048 | 3bb2 2008 | 0000 750d | 4883 8228 | 0800 0001 
  0x00007fe279eb6458: e952 0100 | 0048 3bb2 | 3008 0000 | 750d 4883 | 8238 0800 | 0001 e93c | 0100 0048 | 3bb2 4008 
  0x00007fe279eb6478: 0000 750d | 4883 8248 | 0800 0001 | e926 0100 | 0048 3bb2 | 5008 0000 | 750d 4883 | 8258 0800 
  0x00007fe279eb6498: 0001 e910 | 0100 0048 | 83ba e007 | 0000 0075 | 1748 89b2 | e007 0000 | 48c7 82e8 | 0700 0001 
  0x00007fe279eb64b8: 0000 00e9 | ef00 0000 | 4883 baf0 | 0700 0000 | 7517 4889 | b2f0 0700 | 0048 c782 | f807 0000 
  0x00007fe279eb64d8: ;   {other}
  0x00007fe279eb64d8: 0100 0000 | e9ce 0000 | 0048 83ba | 0008 0000 | 0075 1748 | 89b2 0008 | 0000 48c7 | 8208 0800 
  0x00007fe279eb64f8: 0001 0000 | 00e9 ad00 | 0000 4883 | ba10 0800 | 0000 7517 | 4889 b210 | 0800 0048 | c782 1808 
  0x00007fe279eb6518: 0000 0100 | 0000 e98c | 0000 0048 | 83ba 2008 | 0000 0075 | 1748 89b2 | 2008 0000 | 48c7 8228 
  0x00007fe279eb6538: 0800 0001 | 0000 00e9 | 6b00 0000 | 4883 ba30 | 0800 0000 | 7517 4889 | b230 0800 | 0048 c782 
  0x00007fe279eb6558: 3808 0000 | 0100 0000 | e94a 0000 | 0048 83ba | 4008 0000 | 0075 1748 | 89b2 4008 | 0000 48c7 
  0x00007fe279eb6578: 8248 0800 | 0001 0000 | 00e9 2900 | 0000 4883 | ba50 0800 | 0000 7517 | 4889 b250 | 0800 0048 
  0x00007fe279eb6598: c782 5808 | 0000 0100 | 0000 e908 | 0000 0048 | 8382 d807 | 0000 0148 | 8bf3 4889 | 9c24 0001 
  0x00007fe279eb65b8: 0000 6666 | 9048 b880 | 9e2f 54e2 

  0x00007fe279eb65c4: ;   {virtual_call}
  0x00007fe279eb65c4: 7f00 00e8 

  0x00007fe279eb65c8: ; ImmutableOopMap {[224]=Oop [232]=Oop [240]=Oop [256]=Oop }
                      ;*invokevirtual acquire0 {reexecute=0 rethrow=0 return_oop=0}
                      ; - jdk.internal.foreign.abi.DowncallStub/0x000000001917c000::invoke@81
  0x00007fe279eb65c8: c62f fcff 

  0x00007fe279eb65cc: ;   {post_call_nop}
  0x00007fe279eb65cc: 0f1f 8400 | 4418 0004 

  0x00007fe279eb65d4: ;   {metadata(method data for {method} {0x00007fe250c39c48} 'invoke' '(Ljava/lang/foreign/SegmentAllocator;Ljava/lang/foreign/MemorySegment;Ljava/lang/foreign/MemorySegment;Ljava/lang/foreign/MemorySegment;)V' in 'jdk/internal/foreign/abi/DowncallStub+0x000000001917c000')}
  0x00007fe279eb65d4: 48be 0080 | cc50 e27f | 0000 ff86 | 6808 0000 | 488b 9c24 | 0001 0000 | e90a 0000 

  0x00007fe279eb65f0: ;   {oop(nullptr)}
  0x00007fe279eb65f0: 0048 bb00 | 0000 0000 | 0000 0048 | 899c 2410 | 0100 004c | 8b84 24e0 

  0x00007fe279eb6608: ;   {metadata(method data for {method} {0x00007fe250c39c48} 'invoke' '(Ljava/lang/foreign/SegmentAllocator;Ljava/lang/foreign/MemorySegment;Ljava/lang/foreign/MemorySegment;Ljava/lang/foreign/MemorySegment;)V' in 'jdk/internal/foreign/abi/DowncallStub+0x000000001917c000')}
  0x00007fe279eb6608: 0000 0048 | be00 80cc | 50e2 7f00 | 0048 8386 | 8008 0000 | 0149 8bf0 | 0f1f 8000 

  0x00007fe279eb6624: ;   {static_call}
  0x00007fe279eb6624: 0000 00e8 

  0x00007fe279eb6628: ; ImmutableOopMap {[224]=Oop [232]=Oop [240]=Oop [272]=Oop }
                      ;*invokestatic checkNative {reexecute=0 rethrow=0 return_oop=0}
                      ; - jdk.internal.foreign.abi.DowncallStub/0x000000001917c000::invoke@91
  0x00007fe279eb6628: 549f faff 

  0x00007fe279eb662c: ;   {post_call_nop}
  0x00007fe279eb662c: 0f1f 8400 | a418 0005 | 4c8b 8424 | e000 0000 

  0x00007fe279eb663c: ;   {metadata(method data for {method} {0x00007fe250c39c48} 'invoke' '(Ljava/lang/foreign/SegmentAllocator;Ljava/lang/foreign/MemorySegment;Ljava/lang/foreign/MemorySegment;Ljava/lang/foreign/MemorySegment;)V' in 'jdk/internal/foreign/abi/DowncallStub+0x000000001917c000')}
  0x00007fe279eb663c: 4d85 c048 | b900 80cc | 50e2 7f00 | 0075 0c80 | 8989 0800 | 0001 e9f3 | 0100 0041 | 8b70 0841 
  0x00007fe279eb665c: ba00 0000 | 1849 03f2 | 483b b198 | 0800 0075 | 0d48 8381 | a008 0000 | 01e9 aa01 | 0000 483b 
  0x00007fe279eb667c: b1a8 0800 | 0075 0d48 | 8381 b008 | 0000 01e9 | 9401 0000 | 483b b1b8 | 0800 0075 | 0d48 8381 
  0x00007fe279eb669c: c008 0000 | 01e9 7e01 | 0000 483b | b1c8 0800 | 0075 0d48 | 8381 d008 | 0000 01e9 | 6801 0000 
  0x00007fe279eb66bc: 483b b1d8 | 0800 0075 | 0d48 8381 | e008 0000 | 01e9 5201 | 0000 483b | b1e8 0800 | 0075 0d48 
  0x00007fe279eb66dc: 8381 f008 | 0000 01e9 | 3c01 0000 | 483b b1f8 | 0800 0075 | 0d48 8381 | 0009 0000 | 01e9 2601 
  0x00007fe279eb66fc: 0000 483b | b108 0900 | 0075 0d48 | 8381 1009 | 0000 01e9 | 1001 0000 | 4883 b998 | 0800 0000 
  0x00007fe279eb671c: 7517 4889 | b198 0800 | 0048 c781 | a008 0000 | 0100 0000 | e9ef 0000 | 0048 83b9 | a808 0000 
  0x00007fe279eb673c: ;   {other}
  0x00007fe279eb673c: 0075 1748 | 89b1 a808 | 0000 48c7 | 81b0 0800 | 0001 0000 | 00e9 ce00 | 0000 4883 | b9b8 0800 
  0x00007fe279eb675c: 0000 7517 | 4889 b1b8 | 0800 0048 | c781 c008 | 0000 0100 | 0000 e9ad | 0000 0048 | 83b9 c808 
  0x00007fe279eb677c: 0000 0075 | 1748 89b1 | c808 0000 | 48c7 81d0 | 0800 0001 | 0000 00e9 | 8c00 0000 | 4883 b9d8 
  0x00007fe279eb679c: 0800 0000 | 7517 4889 | b1d8 0800 | 0048 c781 | e008 0000 | 0100 0000 | e96b 0000 | 0048 83b9 
  0x00007fe279eb67bc: e808 0000 | 0075 1748 | 89b1 e808 | 0000 48c7 | 81f0 0800 | 0001 0000 | 00e9 4a00 | 0000 4883 
  0x00007fe279eb67dc: b9f8 0800 | 0000 7517 | 4889 b1f8 | 0800 0048 | c781 0009 | 0000 0100 | 0000 e929 | 0000 0048 
  0x00007fe279eb67fc: 83b9 0809 | 0000 0075 | 1748 89b1 | 0809 0000 | 48c7 8110 | 0900 0001 | 0000 00e9 | 0800 0000 
  0x00007fe279eb681c: 4883 8190 | 0800 0001 

  0x00007fe279eb6824: ;   {metadata('jdk/internal/foreign/AbstractMemorySegmentImpl')}
  0x00007fe279eb6824: 48be d0ac | bb50 e27f | 0000 418b | 4808 41ba | 0000 0018 | 4903 ca48 | 3b71 380f | 8542 1200 
  0x00007fe279eb6844: 00e9 0000 | 0000 498b | f048 3b06 

  0x00007fe279eb6850: ;   {metadata(method data for {method} {0x00007fe250c39c48} 'invoke' '(Ljava/lang/foreign/SegmentAllocator;Ljava/lang/foreign/MemorySegment;Ljava/lang/foreign/MemorySegment;Ljava/lang/foreign/MemorySegment;)V' in 'jdk/internal/foreign/abi/DowncallStub+0x000000001917c000')}
  0x00007fe279eb6850: 488b d648 | b900 80cc | 50e2 7f00 

  0x00007fe279eb685c: ;   {metadata('jdk/internal/foreign/NativeMemorySegmentImpl')}
  0x00007fe279eb685c: 0049 ba48 | 440e 1900 | 0000 004c | 8991 2809 | 0000 4883 | 8130 0900 | 0001 488b 

  0x00007fe279eb6878: ;   {metadata(method data for {method} {0x00007fe250c39c48} 'invoke' '(Ljava/lang/foreign/SegmentAllocator;Ljava/lang/foreign/MemorySegment;Ljava/lang/foreign/MemorySegment;Ljava/lang/foreign/MemorySegment;)V' in 'jdk/internal/foreign/abi/DowncallStub+0x000000001917c000')}
  0x00007fe279eb6878: 4e20 48be | 0080 cc50 | e27f 0000 | 4883 8640 | 0a00 0001 

  0x00007fe279eb688c: ;   {metadata(method data for {method} {0x00007fe250c8d2b0} 'invokeExact_MT' '(Ljava/lang/Object;JJJLjava/lang/Object;)V' in 'java/lang/invoke/LambdaForm$MH+0x0000000019191c00')}
  0x00007fe279eb688c: 48be 0064 | cc50 e27f | 0000 8b96 | 9000 0000 | 83c2 0289 | 9690 0000 | 0081 e2fe | ff1f 0085 
  0x00007fe279eb68ac: d20f 84e2 

  0x00007fe279eb68b0: ;   {metadata(method data for {method} {0x00007fe250c8d2b0} 'invokeExact_MT' '(Ljava/lang/Object;JJJLjava/lang/Object;)V' in 'java/lang/invoke/LambdaForm$MH+0x0000000019191c00')}
  0x00007fe279eb68b0: 1100 0048 | be00 64cc | 50e2 7f00 | 0048 8386 | f801 0000 

  0x00007fe279eb68c4: ;   {metadata(method data for {method} {0x00000000184708d8} 'checkExactType' '(Ljava/lang/invoke/MethodHandle;Ljava/lang/invoke/MethodType;)V' in 'java/lang/invoke/Invokers')}
  0x00007fe279eb68c4: 0148 be90 | ff3c 50e2 | 7f00 008b | 9690 0000 | 0083 c202 | 8996 9000 | 0000 81e2 | feff 1f00 
  0x00007fe279eb68e4: 85d2 0f84 | ca11 0000 

  0x00007fe279eb68ec: ;   {oop(a 'java/lang/invoke/NativeMethodHandle'{0x00000000f64699e8})}
  0x00007fe279eb68ec: 48be e899 | 46f6 0000 

  0x00007fe279eb68f4: ;   {metadata(method data for {method} {0x00000000184708d8} 'checkExactType' '(Ljava/lang/invoke/MethodHandle;Ljava/lang/invoke/MethodType;)V' in 'java/lang/invoke/Invokers')}
  0x00007fe279eb68f4: 0000 48ba | 90ff 3c50 | e27f 0000 | 8b76 0841 | ba00 0000 | 1849 03f2 | 483b b2e0 | 0000 0075 
  0x00007fe279eb6914: 0d48 8382 | e800 0000 | 01e9 aa01 | 0000 483b | b2f0 0000 | 0075 0d48 | 8382 f800 | 0000 01e9 
  0x00007fe279eb6934: 9401 0000 | 483b b200 | 0100 0075 | 0d48 8382 | 0801 0000 | 01e9 7e01 | 0000 483b | b210 0100 
  0x00007fe279eb6954: 0075 0d48 | 8382 1801 | 0000 01e9 | 6801 0000 | 483b b220 | 0100 0075 | 0d48 8382 | 2801 0000 
  0x00007fe279eb6974: 01e9 5201 | 0000 483b | b230 0100 | 0075 0d48 | 8382 3801 | 0000 01e9 | 3c01 0000 | 483b b240 
  0x00007fe279eb6994: 0100 0075 | 0d48 8382 | 4801 0000 | 01e9 2601 | 0000 483b | b250 0100 | 0075 0d48 | 8382 5801 
  0x00007fe279eb69b4: 0000 01e9 | 1001 0000 | 4883 bae0 | 0000 0000 | 7517 4889 | b2e0 0000 | 0048 c782 | e800 0000 
  0x00007fe279eb69d4: 0100 0000 | e9ef 0000 | 0048 83ba | f000 0000 | 0075 1748 | 89b2 f000 | 0000 48c7 | 82f8 0000 
  0x00007fe279eb69f4: ;   {other}
  0x00007fe279eb69f4: 0001 0000 | 00e9 ce00 | 0000 4883 | ba00 0100 | 0000 7517 | 4889 b200 | 0100 0048 | c782 0801 
  0x00007fe279eb6a14: 0000 0100 | 0000 e9ad | 0000 0048 | 83ba 1001 | 0000 0075 | 1748 89b2 | 1001 0000 | 48c7 8218 
  0x00007fe279eb6a34: 0100 0001 | 0000 00e9 | 8c00 0000 | 4883 ba20 | 0100 0000 | 7517 4889 | b220 0100 | 0048 c782 
  0x00007fe279eb6a54: 2801 0000 | 0100 0000 | e96b 0000 | 0048 83ba | 3001 0000 | 0075 1748 | 89b2 3001 | 0000 48c7 
  0x00007fe279eb6a74: 8238 0100 | 0001 0000 | 00e9 4a00 | 0000 4883 | ba40 0100 | 0000 7517 | 4889 b240 | 0100 0048 
  0x00007fe279eb6a94: c782 4801 | 0000 0100 | 0000 e929 | 0000 0048 | 83ba 5001 | 0000 0075 | 1748 89b2 | 5001 0000 
  0x00007fe279eb6ab4: 48c7 8258 | 0100 0001 | 0000 00e9 | 0800 0000 | 4883 82d8 | 0000 0001 

  0x00007fe279eb6acc: ;   {metadata(method data for {method} {0x00000000184708d8} 'checkExactType' '(Ljava/lang/invoke/MethodHandle;Ljava/lang/invoke/MethodType;)V' in 'java/lang/invoke/Invokers')}
  0x00007fe279eb6acc: 48be 90ff | 3c50 e27f | 0000 ff86 | 6801 0000 

  0x00007fe279eb6adc: ;   {metadata(method data for {method} {0x00007fe250c8d2b0} 'invokeExact_MT' '(Ljava/lang/Object;JJJLjava/lang/Object;)V' in 'java/lang/invoke/LambdaForm$MH+0x0000000019191c00')}
  0x00007fe279eb6adc: 48be 0064 | cc50 e27f | 0000 4883 | 8608 0200 

  0x00007fe279eb6aec: ;   {metadata(method data for {method} {0x00000000184707d0} 'checkCustomized' '(Ljava/lang/invoke/MethodHandle;)V' in 'java/lang/invoke/Invokers')}
  0x00007fe279eb6aec: 0001 48be | 7809 3d50 | e27f 0000 | 8b96 9000 | 0000 83c2 | 0289 9690 | 0000 0081 | e2fe ff1f 
  0x00007fe279eb6b0c: 0085 d20f | 84c2 0f00 

  0x00007fe279eb6b14: ;   {metadata(method data for {method} {0x00000000184707d0} 'checkCustomized' '(Ljava/lang/invoke/MethodHandle;)V' in 'java/lang/invoke/Invokers')}
  0x00007fe279eb6b14: 0048 be78 | 093d 50e2 | 7f00 0048 | 8386 d800 

  0x00007fe279eb6b24: ;   {metadata(method data for {method} {0x00000000181f6168} 'isCompileConstant' '(Ljava/lang/Object;)Z' in 'java/lang/invoke/MethodHandleImpl')}
  0x00007fe279eb6b24: 0000 0148 | bee0 0a3d | 50e2 7f00 | 008b 9690 | 0000 0083 | c202 8996 | 9000 0000 | 81e2 feff 
  0x00007fe279eb6b44: 1f00 85d2 | 0f84 aa0f 

  0x00007fe279eb6b4c: ;   {metadata(method data for {method} {0x00000000184707d0} 'checkCustomized' '(Ljava/lang/invoke/MethodHandle;)V' in 'java/lang/invoke/Invokers')}
  0x00007fe279eb6b4c: 0000 48be | 7809 3d50 | e27f 0000 | ff86 e800 

  0x00007fe279eb6b5c: ;   {metadata(method data for {method} {0x00000000184707d0} 'checkCustomized' '(Ljava/lang/invoke/MethodHandle;)V' in 'java/lang/invoke/Invokers')}
  0x00007fe279eb6b5c: 0000 48be | 7809 3d50 | e27f 0000 | ff86 0801 | 0000 488b | 9424 0801 | 0000 488b | bc24 f800 
  0x00007fe279eb6b7c: ;   {metadata(method data for {method} {0x00007fe250c8d2b0} 'invokeExact_MT' '(Ljava/lang/Object;JJJLjava/lang/Object;)V' in 'java/lang/invoke/LambdaForm$MH+0x0000000019191c00')}
  0x00007fe279eb6b7c: 0000 48be | 0064 cc50 | e27f 0000 | 4883 8618 | 0200 0001 

  0x00007fe279eb6b90: ;   {metadata(method data for {method} {0x00007fe250cc2ad0} 'invoke' '(Ljava/lang/Object;JJJ)V' in 'java/lang/invoke/LambdaForm$MH+0x00000000191a2000')}
  0x00007fe279eb6b90: 48be 802d | cc50 e27f | 0000 448b | 8690 0000 | 0041 83c0 | 0244 8986 | 9000 0000 | 4181 e0fe 
  0x00007fe279eb6bb0: ff1f 0045 | 85c0 0f84 | 5d0f 0000 

  0x00007fe279eb6bbc: ;   {metadata(method data for {method} {0x00007fe250cc2ad0} 'invoke' '(Ljava/lang/Object;JJJ)V' in 'java/lang/invoke/LambdaForm$MH+0x00000000191a2000')}
  0x00007fe279eb6bbc: 48be 802d | cc50 e27f | 0000 4883 | 86d8 0000 

  0x00007fe279eb6bcc: ;   {metadata(method data for {method} {0x00007fe250b76c28} 'internalNativeEntryPoint' '(Ljava/lang/Object;)Ljava/lang/Object;' in 'java/lang/invoke/NativeMethodHandle')}
  0x00007fe279eb6bcc: 0001 48be | d8a4 d950 | e27f 0000 | 448b 8690 | 0000 0041 | 83c0 0244 | 8986 9000 | 0000 4181 
  0x00007fe279eb6bec: e0fe ff1f | 0045 85c0 | 0f84 400f 

  0x00007fe279eb6bf8: ;   {metadata(method data for {method} {0x00007fe250cc2ad0} 'invoke' '(Ljava/lang/Object;JJJ)V' in 'java/lang/invoke/LambdaForm$MH+0x00000000191a2000')}
  0x00007fe279eb6bf8: 0000 48be | 802d cc50 | e27f 0000 | 4883 86e8 | 0000 0001 

  0x00007fe279eb6c0c: ;   {oop(a 'jdk/internal/foreign/abi/NativeEntryPoint'{0x00000000f6461d60})}
  0x00007fe279eb6c0c: 488b f749 | b860 1d46 | f600 0000 | 0066 0f1f 

  0x00007fe279eb6c1c: ;   {static_call}
  0x00007fe279eb6c1c: 4400 00e8 

  0x00007fe279eb6c20: ; ImmutableOopMap {[232]=Oop [240]=Oop [272]=Oop }
                      ;*invokestatic linkToNative {reexecute=0 rethrow=0 return_oop=0}
                      ; - java.lang.invoke.LambdaForm$MH/0x00000000191a2000::invoke@16
                      ; - java.lang.invoke.LambdaForm$MH/0x0000000019191c00::invokeExact_MT@23
                      ; - jdk.internal.foreign.abi.DowncallStub/0x000000001917c000::invoke@113
  0x00007fe279eb6c20: 5cc5 5007 

  0x00007fe279eb6c24: ;   {post_call_nop}
  0x00007fe279eb6c24: 0f1f 8400 | 9c1e 0006 | 488b bc24 | e800 0000 

  0x00007fe279eb6c34: ;   {oop(a 'jdk/internal/foreign/abi/SharedUtils$1'{0x00000000f6a99f50})}
  0x00007fe279eb6c34: 48be 509f | a9f6 0000 

  0x00007fe279eb6c3c: ;   {metadata(method data for {method} {0x00007fe250c39c48} 'invoke' '(Ljava/lang/foreign/SegmentAllocator;Ljava/lang/foreign/MemorySegment;Ljava/lang/foreign/MemorySegment;Ljava/lang/foreign/MemorySegment;)V' in 'jdk/internal/foreign/abi/DowncallStub+0x000000001917c000')}
  0x00007fe279eb6c3c: 0000 48bb | 0080 cc50 | e27f 0000 

  0x00007fe279eb6c48: ;   {metadata('jdk/internal/foreign/abi/SharedUtils$1')}
  0x00007fe279eb6c48: 49ba 8021 | 0e19 0000 | 0000 4c89 | 9368 0b00 | 0048 8383 | 700b 0000 

  0x00007fe279eb6c60: ;   {metadata(method data for {method} {0x00007fe250ba2428} 'close' '()V' in 'jdk/internal/foreign/abi/SharedUtils$1')}
  0x00007fe279eb6c60: 0148 be68 | a6d9 50e2 | 7f00 008b | 9e90 0000 | 0083 c302 | 899e 9000 | 0000 81e3 | feff 1f00 
  0x00007fe279eb6c80: 85db 0f84 | d30e 0000 

  0x00007fe279eb6c88: ;   {metadata(method data for {method} {0x00007fe250c39c48} 'invoke' '(Ljava/lang/foreign/SegmentAllocator;Ljava/lang/foreign/MemorySegment;Ljava/lang/foreign/MemorySegment;Ljava/lang/foreign/MemorySegment;)V' in 'jdk/internal/foreign/abi/DowncallStub+0x000000001917c000')}
  0x00007fe279eb6c88: 4885 ff48 | be00 80cc | 50e2 7f00 | 00bb f00b | 0000 7405 | bb00 0c00 | 0048 8b04 | 1e48 8d40 
  0x00007fe279eb6ca8: 0148 8904 | 1e0f 84f9 | 0100 0048 

  0x00007fe279eb6cb4: ;   {metadata(method data for {method} {0x00007fe250c39c48} 'invoke' '(Ljava/lang/foreign/SegmentAllocator;Ljava/lang/foreign/MemorySegment;Ljava/lang/foreign/MemorySegment;Ljava/lang/foreign/MemorySegment;)V' in 'jdk/internal/foreign/abi/DowncallStub+0x000000001917c000')}
  0x00007fe279eb6cb4: 8bf7 48bb | 0080 cc50 | e27f 0000 | 8b76 0841 | ba00 0000 | 1849 03f2 | 483b b318 | 0c00 0075 
  0x00007fe279eb6cd4: 0d48 8383 | 200c 0000 | 01e9 aa01 | 0000 483b | b328 0c00 | 0075 0d48 | 8383 300c | 0000 01e9 
  0x00007fe279eb6cf4: 9401 0000 | 483b b338 | 0c00 0075 | 0d48 8383 | 400c 0000 | 01e9 7e01 | 0000 483b | b348 0c00 
  0x00007fe279eb6d14: 0075 0d48 | 8383 500c | 0000 01e9 | 6801 0000 | 483b b358 | 0c00 0075 | 0d48 8383 | 600c 0000 
  0x00007fe279eb6d34: 01e9 5201 | 0000 483b | b368 0c00 | 0075 0d48 | 8383 700c | 0000 01e9 | 3c01 0000 | 483b b378 
  0x00007fe279eb6d54: 0c00 0075 | 0d48 8383 | 800c 0000 | 01e9 2601 | 0000 483b | b388 0c00 | 0075 0d48 | 8383 900c 
  0x00007fe279eb6d74: 0000 01e9 | 1001 0000 | 4883 bb18 | 0c00 0000 | 7517 4889 | b318 0c00 | 0048 c783 | 200c 0000 
  0x00007fe279eb6d94: 0100 0000 | e9ef 0000 | 0048 83bb | 280c 0000 | 0075 1748 | 89b3 280c | 0000 48c7 | 8330 0c00 
  0x00007fe279eb6db4: ;   {other}
  0x00007fe279eb6db4: 0001 0000 | 00e9 ce00 | 0000 4883 | bb38 0c00 | 0000 7517 | 4889 b338 | 0c00 0048 | c783 400c 
  0x00007fe279eb6dd4: 0000 0100 | 0000 e9ad | 0000 0048 | 83bb 480c | 0000 0075 | 1748 89b3 | 480c 0000 | 48c7 8350 
  0x00007fe279eb6df4: 0c00 0001 | 0000 00e9 | 8c00 0000 | 4883 bb58 | 0c00 0000 | 7517 4889 | b358 0c00 | 0048 c783 
  0x00007fe279eb6e14: 600c 0000 | 0100 0000 | e96b 0000 | 0048 83bb | 680c 0000 | 0075 1748 | 89b3 680c | 0000 48c7 
  0x00007fe279eb6e34: 8370 0c00 | 0001 0000 | 00e9 4a00 | 0000 4883 | bb78 0c00 | 0000 7517 | 4889 b378 | 0c00 0048 
  0x00007fe279eb6e54: c783 800c | 0000 0100 | 0000 e929 | 0000 0048 | 83bb 880c | 0000 0075 | 1748 89b3 | 880c 0000 
  0x00007fe279eb6e74: 48c7 8390 | 0c00 0001 | 0000 00e9 | 0800 0000 | 4883 8310 | 0c00 0001 | 488b f766 | 0f1f 4400 
  0x00007fe279eb6e94: 0048 b8a8 | 9e2f 54e2 

  0x00007fe279eb6e9c: ;   {virtual_call}
  0x00007fe279eb6e9c: 7f00 00e8 

  0x00007fe279eb6ea0: ; ImmutableOopMap {[240]=Oop [272]=Oop }
                      ;*invokevirtual release0 {reexecute=0 rethrow=0 return_oop=0}
                      ; - jdk.internal.foreign.abi.DowncallStub/0x000000001917c000::invoke@133
  0x00007fe279eb6ea0: ee60 fbff 

  0x00007fe279eb6ea4: ;   {post_call_nop}
  0x00007fe279eb6ea4: 0f1f 8400 | 1c21 0007 | 488b 9c24 | f000 0000 

  0x00007fe279eb6eb4: ;   {metadata(method data for {method} {0x00007fe250c39c48} 'invoke' '(Ljava/lang/foreign/SegmentAllocator;Ljava/lang/foreign/MemorySegment;Ljava/lang/foreign/MemorySegment;Ljava/lang/foreign/MemorySegment;)V' in 'jdk/internal/foreign/abi/DowncallStub+0x000000001917c000')}
  0x00007fe279eb6eb4: 4885 db48 | be00 80cc | 50e2 7f00 | 00bf a00c | 0000 7405 | bfb0 0c00 | 0048 8b04 | 3e48 8d40 
  0x00007fe279eb6ed4: 0148 8904 | 3e0f 84f5 | 0100 0048 

  0x00007fe279eb6ee0: ;   {metadata(method data for {method} {0x00007fe250c39c48} 'invoke' '(Ljava/lang/foreign/SegmentAllocator;Ljava/lang/foreign/MemorySegment;Ljava/lang/foreign/MemorySegment;Ljava/lang/foreign/MemorySegment;)V' in 'jdk/internal/foreign/abi/DowncallStub+0x000000001917c000')}
  0x00007fe279eb6ee0: 8bf3 48bf | 0080 cc50 | e27f 0000 | 8b76 0841 | ba00 0000 | 1849 03f2 | 483b b7c8 | 0c00 0075 
  0x00007fe279eb6f00: 0d48 8387 | d00c 0000 | 01e9 aa01 | 0000 483b | b7d8 0c00 | 0075 0d48 | 8387 e00c | 0000 01e9 
  0x00007fe279eb6f20: 9401 0000 | 483b b7e8 | 0c00 0075 | 0d48 8387 | f00c 0000 | 01e9 7e01 | 0000 483b | b7f8 0c00 
  0x00007fe279eb6f40: 0075 0d48 | 8387 000d | 0000 01e9 | 6801 0000 | 483b b708 | 0d00 0075 | 0d48 8387 | 100d 0000 
  0x00007fe279eb6f60: 01e9 5201 | 0000 483b | b718 0d00 | 0075 0d48 | 8387 200d | 0000 01e9 | 3c01 0000 | 483b b728 
  0x00007fe279eb6f80: 0d00 0075 | 0d48 8387 | 300d 0000 | 01e9 2601 | 0000 483b | b738 0d00 | 0075 0d48 | 8387 400d 
  0x00007fe279eb6fa0: 0000 01e9 | 1001 0000 | 4883 bfc8 | 0c00 0000 | 7517 4889 | b7c8 0c00 | 0048 c787 | d00c 0000 
  0x00007fe279eb6fc0: 0100 0000 | e9ef 0000 | 0048 83bf | d80c 0000 | 0075 1748 | 89b7 d80c | 0000 48c7 | 87e0 0c00 
  0x00007fe279eb6fe0: ;   {other}
  0x00007fe279eb6fe0: 0001 0000 | 00e9 ce00 | 0000 4883 | bfe8 0c00 | 0000 7517 | 4889 b7e8 | 0c00 0048 | c787 f00c 
  0x00007fe279eb7000: 0000 0100 | 0000 e9ad | 0000 0048 | 83bf f80c | 0000 0075 | 1748 89b7 | f80c 0000 | 48c7 8700 
  0x00007fe279eb7020: 0d00 0001 | 0000 00e9 | 8c00 0000 | 4883 bf08 | 0d00 0000 | 7517 4889 | b708 0d00 | 0048 c787 
  0x00007fe279eb7040: 100d 0000 | 0100 0000 | e96b 0000 | 0048 83bf | 180d 0000 | 0075 1748 | 89b7 180d | 0000 48c7 
  0x00007fe279eb7060: 8720 0d00 | 0001 0000 | 00e9 4a00 | 0000 4883 | bf28 0d00 | 0000 7517 | 4889 b728 | 0d00 0048 
  0x00007fe279eb7080: c787 300d | 0000 0100 | 0000 e929 | 0000 0048 | 83bf 380d | 0000 0075 | 1748 89b7 | 380d 0000 
  0x00007fe279eb70a0: 48c7 8740 | 0d00 0001 | 0000 00e9 | 0800 0000 | 4883 87c0 | 0c00 0001 | 488b f366 | 9048 b8d0 
  0x00007fe279eb70c0: 9e2f 54e2 

  0x00007fe279eb70c4: ;   {virtual_call}
  0x00007fe279eb70c4: 7f00 00e8 

  0x00007fe279eb70c8: ; ImmutableOopMap {[272]=Oop }
                      ;*invokevirtual release0 {reexecute=0 rethrow=0 return_oop=0}
                      ; - jdk.internal.foreign.abi.DowncallStub/0x000000001917c000::invoke@143
  0x00007fe279eb70c8: 9427 f606 

  0x00007fe279eb70cc: ;   {post_call_nop}
  0x00007fe279eb70cc: 0f1f 8400 | 4423 0008 | 488b 9c24 | 1001 0000 

  0x00007fe279eb70dc: ;   {metadata(method data for {method} {0x00007fe250c39c48} 'invoke' '(Ljava/lang/foreign/SegmentAllocator;Ljava/lang/foreign/MemorySegment;Ljava/lang/foreign/MemorySegment;Ljava/lang/foreign/MemorySegment;)V' in 'jdk/internal/foreign/abi/DowncallStub+0x000000001917c000')}
  0x00007fe279eb70dc: 4885 db48 | b800 80cc | 50e2 7f00 | 00be 500d | 0000 7405 | be60 0d00 | 0048 8b3c | 3048 8d7f 
  0x00007fe279eb70fc: 0148 893c | 300f 84f5 | 0600 00e9 | f804 0000 | 498b 87e0 | 0500 004d | 33d2 4d89 | 97e0 0500 
  0x00007fe279eb711c: 004d 33d2 | 4d89 97e8 

  0x00007fe279eb7124: ;   {oop(a 'jdk/internal/foreign/abi/SharedUtils$1'{0x00000000f6a99f50})}
  0x00007fe279eb7124: 0500 0048 | ba50 9fa9 | f600 0000 

  0x00007fe279eb7130: ;   {metadata(method data for {method} {0x00007fe250c39c48} 'invoke' '(Ljava/lang/foreign/SegmentAllocator;Ljava/lang/foreign/MemorySegment;Ljava/lang/foreign/MemorySegment;Ljava/lang/foreign/MemorySegment;)V' in 'jdk/internal/foreign/abi/DowncallStub+0x000000001917c000')}
  0x00007fe279eb7130: 0048 b900 | 80cc 50e2 

  0x00007fe279eb7138: ;   {metadata('jdk/internal/foreign/abi/SharedUtils$1')}
  0x00007fe279eb7138: 7f00 0049 | ba80 210e | 1900 0000 | 004c 8991 | 980e 0000 | 4883 81a0 | 0e00 0001 

  0x00007fe279eb7154: ;   {metadata(method data for {method} {0x00007fe250ba2428} 'close' '()V' in 'jdk/internal/foreign/abi/SharedUtils$1')}
  0x00007fe279eb7154: 48ba 68a6 | d950 e27f | 0000 8b8a | 9000 0000 | 83c1 0289 | 8a90 0000 | 0081 e1fe | ff1f 0085 
  0x00007fe279eb7174: c90f 8401 | 0a00 0048 

  0x00007fe279eb717c: ;   {metadata(method data for {method} {0x00007fe250c39c48} 'invoke' '(Ljava/lang/foreign/SegmentAllocator;Ljava/lang/foreign/MemorySegment;Ljava/lang/foreign/MemorySegment;Ljava/lang/foreign/MemorySegment;)V' in 'jdk/internal/foreign/abi/DowncallStub+0x000000001917c000')}
  0x00007fe279eb717c: 85f6 48ba | 0080 cc50 | e27f 0000 | b920 0f00 | 0074 05b9 | 300f 0000 | 4c8b 040a | 4d8d 4001 
  0x00007fe279eb719c: 4c89 040a | 4889 8424 | 2801 0000 | 0f84 f601 | 0000 483b | 0648 8bd6 

  0x00007fe279eb71b4: ;   {metadata(method data for {method} {0x00007fe250c39c48} 'invoke' '(Ljava/lang/foreign/SegmentAllocator;Ljava/lang/foreign/MemorySegment;Ljava/lang/foreign/MemorySegment;Ljava/lang/foreign/MemorySegment;)V' in 'jdk/internal/foreign/abi/DowncallStub+0x000000001917c000')}
  0x00007fe279eb71b4: 48b9 0080 | cc50 e27f | 0000 8b52 | 0841 ba00 | 0000 1849 | 03d2 483b | 9148 0f00 | 0075 0d48 
  0x00007fe279eb71d4: 8381 500f | 0000 01e9 | aa01 0000 | 483b 9158 | 0f00 0075 | 0d48 8381 | 600f 0000 | 01e9 9401 
  0x00007fe279eb71f4: 0000 483b | 9168 0f00 | 0075 0d48 | 8381 700f | 0000 01e9 | 7e01 0000 | 483b 9178 | 0f00 0075 
  0x00007fe279eb7214: 0d48 8381 | 800f 0000 | 01e9 6801 | 0000 483b | 9188 0f00 | 0075 0d48 | 8381 900f | 0000 01e9 
  0x00007fe279eb7234: 5201 0000 | 483b 9198 | 0f00 0075 | 0d48 8381 | a00f 0000 | 01e9 3c01 | 0000 483b | 91a8 0f00 
  0x00007fe279eb7254: 0075 0d48 | 8381 b00f | 0000 01e9 | 2601 0000 | 483b 91b8 | 0f00 0075 | 0d48 8381 | c00f 0000 
  0x00007fe279eb7274: 01e9 1001 | 0000 4883 | b948 0f00 | 0000 7517 | 4889 9148 | 0f00 0048 | c781 500f | 0000 0100 
  0x00007fe279eb7294: 0000 e9ef | 0000 0048 | 83b9 580f | 0000 0075 | 1748 8991 | 580f 0000 | 48c7 8160 

  0x00007fe279eb72b0: ;   {other}
  0x00007fe279eb72b0: 0f00 0001 | 0000 00e9 | ce00 0000 | 4883 b968 | 0f00 0000 | 7517 4889 | 9168 0f00 | 0048 c781 
  0x00007fe279eb72d0: 700f 0000 | 0100 0000 | e9ad 0000 | 0048 83b9 | 780f 0000 | 0075 1748 | 8991 780f | 0000 48c7 
  0x00007fe279eb72f0: 8180 0f00 | 0001 0000 | 00e9 8c00 | 0000 4883 | b988 0f00 | 0000 7517 | 4889 9188 | 0f00 0048 
  0x00007fe279eb7310: c781 900f | 0000 0100 | 0000 e96b | 0000 0048 | 83b9 980f | 0000 0075 | 1748 8991 | 980f 0000 
  0x00007fe279eb7330: 48c7 81a0 | 0f00 0001 | 0000 00e9 | 4a00 0000 | 4883 b9a8 | 0f00 0000 | 7517 4889 | 91a8 0f00 
  0x00007fe279eb7350: 0048 c781 | b00f 0000 | 0100 0000 | e929 0000 | 0048 83b9 | b80f 0000 | 0075 1748 | 8991 b80f 
  0x00007fe279eb7370: 0000 48c7 | 81c0 0f00 | 0001 0000 | 00e9 0800 | 0000 4883 | 8140 0f00 | 0001 6666 | 9048 b8f8 
  0x00007fe279eb7390: 9e2f 54e2 

  0x00007fe279eb7394: ;   {virtual_call}
  0x00007fe279eb7394: 7f00 00e8 

  0x00007fe279eb7398: ; ImmutableOopMap {[280]=Oop [288]=Oop [296]=Oop }
                      ;*invokevirtual release0 {reexecute=0 rethrow=0 return_oop=0}
                      ; - jdk.internal.foreign.abi.DowncallStub/0x000000001917c000::invoke@174
  0x00007fe279eb7398: 4486 e806 

  0x00007fe279eb739c: ;   {post_call_nop}
  0x00007fe279eb739c: 0f1f 8400 | 1426 0009 | 488b b424 | 1801 0000 

  0x00007fe279eb73ac: ;   {metadata(method data for {method} {0x00007fe250c39c48} 'invoke' '(Ljava/lang/foreign/SegmentAllocator;Ljava/lang/foreign/MemorySegment;Ljava/lang/foreign/MemorySegment;Ljava/lang/foreign/MemorySegment;)V' in 'jdk/internal/foreign/abi/DowncallStub+0x000000001917c000')}
  0x00007fe279eb73ac: 4885 f648 | bf00 80cc | 50e2 7f00 | 00bb d00f | 0000 7405 | bbe0 0f00 | 0048 8b04 | 1f48 8d40 
  0x00007fe279eb73cc: 0148 8904 | 1f0f 84f5 | 0100 0048 | 3b06 488b 

  0x00007fe279eb73dc: ;   {metadata(method data for {method} {0x00007fe250c39c48} 'invoke' '(Ljava/lang/foreign/SegmentAllocator;Ljava/lang/foreign/MemorySegment;Ljava/lang/foreign/MemorySegment;Ljava/lang/foreign/MemorySegment;)V' in 'jdk/internal/foreign/abi/DowncallStub+0x000000001917c000')}
  0x00007fe279eb73dc: fe48 bb00 | 80cc 50e2 | 7f00 008b | 7f08 41ba | 0000 0018 | 4903 fa48 | 3bbb f80f | 0000 750d 
  0x00007fe279eb73fc: 4883 8300 | 1000 0001 | e9aa 0100 | 0048 3bbb | 0810 0000 | 750d 4883 | 8310 1000 | 0001 e994 
  0x00007fe279eb741c: 0100 0048 | 3bbb 1810 | 0000 750d | 4883 8320 | 1000 0001 | e97e 0100 | 0048 3bbb | 2810 0000 
  0x00007fe279eb743c: 750d 4883 | 8330 1000 | 0001 e968 | 0100 0048 | 3bbb 3810 | 0000 750d | 4883 8340 | 1000 0001 
  0x00007fe279eb745c: e952 0100 | 0048 3bbb | 4810 0000 | 750d 4883 | 8350 1000 | 0001 e93c | 0100 0048 | 3bbb 5810 
  0x00007fe279eb747c: 0000 750d | 4883 8360 | 1000 0001 | e926 0100 | 0048 3bbb | 6810 0000 | 750d 4883 | 8370 1000 
  0x00007fe279eb749c: 0001 e910 | 0100 0048 | 83bb f80f | 0000 0075 | 1748 89bb | f80f 0000 | 48c7 8300 | 1000 0001 
  0x00007fe279eb74bc: 0000 00e9 | ef00 0000 | 4883 bb08 | 1000 0000 | 7517 4889 | bb08 1000 | 0048 c783 | 1010 0000 
  0x00007fe279eb74dc: ;   {other}
  0x00007fe279eb74dc: 0100 0000 | e9ce 0000 | 0048 83bb | 1810 0000 | 0075 1748 | 89bb 1810 | 0000 48c7 | 8320 1000 
  0x00007fe279eb74fc: 0001 0000 | 00e9 ad00 | 0000 4883 | bb28 1000 | 0000 7517 | 4889 bb28 | 1000 0048 | c783 3010 
  0x00007fe279eb751c: 0000 0100 | 0000 e98c | 0000 0048 | 83bb 3810 | 0000 0075 | 1748 89bb | 3810 0000 | 48c7 8340 
  0x00007fe279eb753c: 1000 0001 | 0000 00e9 | 6b00 0000 | 4883 bb48 | 1000 0000 | 7517 4889 | bb48 1000 | 0048 c783 
  0x00007fe279eb755c: 5010 0000 | 0100 0000 | e94a 0000 | 0048 83bb | 5810 0000 | 0075 1748 | 89bb 5810 | 0000 48c7 
  0x00007fe279eb757c: 8360 1000 | 0001 0000 | 00e9 2900 | 0000 4883 | bb68 1000 | 0000 7517 | 4889 bb68 | 1000 0048 
  0x00007fe279eb759c: c783 7010 | 0000 0100 | 0000 e908 | 0000 0048 | 8383 f00f | 0000 0166 | 9048 b820 | 9f2f 54e2 
  0x00007fe279eb75bc: ;   {virtual_call}
  0x00007fe279eb75bc: 7f00 00e8 

  0x00007fe279eb75c0: ; ImmutableOopMap {[288]=Oop [296]=Oop }
                      ;*invokevirtual release0 {reexecute=0 rethrow=0 return_oop=0}
                      ; - jdk.internal.foreign.abi.DowncallStub/0x000000001917c000::invoke@184
  0x00007fe279eb75c0: 1c84 e806 

  0x00007fe279eb75c4: ;   {post_call_nop}
  0x00007fe279eb75c4: 0f1f 8400 | 3c28 000a | 488b b424 | 2001 0000 

  0x00007fe279eb75d4: ;   {metadata(method data for {method} {0x00007fe250c39c48} 'invoke' '(Ljava/lang/foreign/SegmentAllocator;Ljava/lang/foreign/MemorySegment;Ljava/lang/foreign/MemorySegment;Ljava/lang/foreign/MemorySegment;)V' in 'jdk/internal/foreign/abi/DowncallStub+0x000000001917c000')}
  0x00007fe279eb75d4: 4885 f648 | bf00 80cc | 50e2 7f00 | 00bb 8010 | 0000 7405 | bb90 1000 | 0048 8b04 | 1f48 8d40 
  0x00007fe279eb75f4: 0148 8904 | 1f0f 8405 | 0400 00e9 | 0b02 0000 

  0x00007fe279eb7604: ; implicit exception: dispatches to 0x00007fe279eb7ba7
  0x00007fe279eb7604: 483b 0348 

  0x00007fe279eb7608: ;   {metadata(method data for {method} {0x00007fe250c39c48} 'invoke' '(Ljava/lang/foreign/SegmentAllocator;Ljava/lang/foreign/MemorySegment;Ljava/lang/foreign/MemorySegment;Ljava/lang/foreign/MemorySegment;)V' in 'jdk/internal/foreign/abi/DowncallStub+0x000000001917c000')}
  0x00007fe279eb7608: 8bf3 48bf | 0080 cc50 | e27f 0000 | 8b76 0841 | ba00 0000 | 1849 03f2 | 483b b778 | 0d00 0075 
  0x00007fe279eb7628: 0d48 8387 | 800d 0000 | 01e9 aa01 | 0000 483b | b788 0d00 | 0075 0d48 | 8387 900d | 0000 01e9 
  0x00007fe279eb7648: 9401 0000 | 483b b798 | 0d00 0075 | 0d48 8387 | a00d 0000 | 01e9 7e01 | 0000 483b | b7a8 0d00 
  0x00007fe279eb7668: 0075 0d48 | 8387 b00d | 0000 01e9 | 6801 0000 | 483b b7b8 | 0d00 0075 | 0d48 8387 | c00d 0000 
  0x00007fe279eb7688: 01e9 5201 | 0000 483b | b7c8 0d00 | 0075 0d48 | 8387 d00d | 0000 01e9 | 3c01 0000 | 483b b7d8 
  0x00007fe279eb76a8: 0d00 0075 | 0d48 8387 | e00d 0000 | 01e9 2601 | 0000 483b | b7e8 0d00 | 0075 0d48 | 8387 f00d 
  0x00007fe279eb76c8: 0000 01e9 | 1001 0000 | 4883 bf78 | 0d00 0000 | 7517 4889 | b778 0d00 | 0048 c787 | 800d 0000 
  0x00007fe279eb76e8: 0100 0000 | e9ef 0000 | 0048 83bf | 880d 0000 | 0075 1748 | 89b7 880d | 0000 48c7 | 8790 0d00 
  0x00007fe279eb7708: ;   {other}
  0x00007fe279eb7708: 0001 0000 | 00e9 ce00 | 0000 4883 | bf98 0d00 | 0000 7517 | 4889 b798 | 0d00 0048 | c787 a00d 
  0x00007fe279eb7728: 0000 0100 | 0000 e9ad | 0000 0048 | 83bf a80d | 0000 0075 | 1748 89b7 | a80d 0000 | 48c7 87b0 
  0x00007fe279eb7748: 0d00 0001 | 0000 00e9 | 8c00 0000 | 4883 bfb8 | 0d00 0000 | 7517 4889 | b7b8 0d00 | 0048 c787 
  0x00007fe279eb7768: c00d 0000 | 0100 0000 | e96b 0000 | 0048 83bf | c80d 0000 | 0075 1748 | 89b7 c80d | 0000 48c7 
  0x00007fe279eb7788: 87d0 0d00 | 0001 0000 | 00e9 4a00 | 0000 4883 | bfd8 0d00 | 0000 7517 | 4889 b7d8 | 0d00 0048 
  0x00007fe279eb77a8: c787 e00d | 0000 0100 | 0000 e929 | 0000 0048 | 83bf e80d | 0000 0075 | 1748 89b7 | e80d 0000 
  0x00007fe279eb77c8: 48c7 87f0 | 0d00 0001 | 0000 00e9 | 0800 0000 | 4883 8770 | 0d00 0001 | 488b f366 | 9048 b848 
  0x00007fe279eb77e8: 9f2f 54e2 

  0x00007fe279eb77ec: ;   {virtual_call}
  0x00007fe279eb77ec: 7f00 00e8 

  0x00007fe279eb77f0: ; ImmutableOopMap {}
                      ;*invokevirtual release0 {reexecute=0 rethrow=0 return_oop=0}
                      ; - jdk.internal.foreign.abi.DowncallStub/0x000000001917c000::invoke@153
  0x00007fe279eb77f0: 9e18 fcff 

  0x00007fe279eb77f4: ;   {post_call_nop}
  0x00007fe279eb77f4: 0f1f 8400 | 6c2a 000b | 4881 c440 | 0100 005d 

  0x00007fe279eb7804: ;   {poll_return}
  0x00007fe279eb7804: 493b 6728 | 0f87 9e03 | 0000 c348 | 3b06 488b 

  0x00007fe279eb7814: ;   {metadata(method data for {method} {0x00007fe250c39c48} 'invoke' '(Ljava/lang/foreign/SegmentAllocator;Ljava/lang/foreign/MemorySegment;Ljava/lang/foreign/MemorySegment;Ljava/lang/foreign/MemorySegment;)V' in 'jdk/internal/foreign/abi/DowncallStub+0x000000001917c000')}
  0x00007fe279eb7814: fe48 bb00 | 80cc 50e2 | 7f00 008b | 7f08 41ba | 0000 0018 | 4903 fa48 | 3bbb a810 | 0000 750d 
  0x00007fe279eb7834: 4883 83b0 | 1000 0001 | e9aa 0100 | 0048 3bbb | b810 0000 | 750d 4883 | 83c0 1000 | 0001 e994 
  0x00007fe279eb7854: 0100 0048 | 3bbb c810 | 0000 750d | 4883 83d0 | 1000 0001 | e97e 0100 | 0048 3bbb | d810 0000 
  0x00007fe279eb7874: 750d 4883 | 83e0 1000 | 0001 e968 | 0100 0048 | 3bbb e810 | 0000 750d | 4883 83f0 | 1000 0001 
  0x00007fe279eb7894: e952 0100 | 0048 3bbb | f810 0000 | 750d 4883 | 8300 1100 | 0001 e93c | 0100 0048 | 3bbb 0811 
  0x00007fe279eb78b4: 0000 750d | 4883 8310 | 1100 0001 | e926 0100 | 0048 3bbb | 1811 0000 | 750d 4883 | 8320 1100 
  0x00007fe279eb78d4: 0001 e910 | 0100 0048 | 83bb a810 | 0000 0075 | 1748 89bb | a810 0000 | 48c7 83b0 | 1000 0001 
  0x00007fe279eb78f4: 0000 00e9 | ef00 0000 | 4883 bbb8 | 1000 0000 | 7517 4889 | bbb8 1000 | 0048 c783 | c010 0000 
  0x00007fe279eb7914: ;   {other}
  0x00007fe279eb7914: 0100 0000 | e9ce 0000 | 0048 83bb | c810 0000 | 0075 1748 | 89bb c810 | 0000 48c7 | 83d0 1000 
  0x00007fe279eb7934: 0001 0000 | 00e9 ad00 | 0000 4883 | bbd8 1000 | 0000 7517 | 4889 bbd8 | 1000 0048 | c783 e010 
  0x00007fe279eb7954: 0000 0100 | 0000 e98c | 0000 0048 | 83bb e810 | 0000 0075 | 1748 89bb | e810 0000 | 48c7 83f0 
  0x00007fe279eb7974: 1000 0001 | 0000 00e9 | 6b00 0000 | 4883 bbf8 | 1000 0000 | 7517 4889 | bbf8 1000 | 0048 c783 
  0x00007fe279eb7994: 0011 0000 | 0100 0000 | e94a 0000 | 0048 83bb | 0811 0000 | 0075 1748 | 89bb 0811 | 0000 48c7 
  0x00007fe279eb79b4: 8310 1100 | 0001 0000 | 00e9 2900 | 0000 4883 | bb18 1100 | 0000 7517 | 4889 bb18 | 1100 0048 
  0x00007fe279eb79d4: c783 2011 | 0000 0100 | 0000 e908 | 0000 0048 | 8383 a010 | 0000 0166 | 9048 b870 | 9f2f 54e2 
  0x00007fe279eb79f4: ;   {virtual_call}
  0x00007fe279eb79f4: 7f00 00e8 

  0x00007fe279eb79f8: ; ImmutableOopMap {[296]=Oop }
                      ;*invokevirtual release0 {reexecute=0 rethrow=0 return_oop=0}
                      ; - jdk.internal.foreign.abi.DowncallStub/0x000000001917c000::invoke@194
  0x00007fe279eb79f8: e47f e806 

  0x00007fe279eb79fc: ;   {post_call_nop}
  0x00007fe279eb79fc: 0f1f 8400 | 742c 000c | 488b 8424 | 2801 0000 | e9f3 0500 

  0x00007fe279eb7a10: ;   {metadata({method} {0x00007fe250c39c48} 'invoke' '(Ljava/lang/foreign/SegmentAllocator;Ljava/lang/foreign/MemorySegment;Ljava/lang/foreign/MemorySegment;Ljava/lang/foreign/MemorySegment;)V' in 'jdk/internal/foreign/abi/DowncallStub+0x000000001917c000')}
  0x00007fe279eb7a10: 0049 ba48 | 9cc3 50e2 | 7f00 004c | 8954 2408 | 48c7 0424 | ffff ffff 

  0x00007fe279eb7a28: ;   {runtime_call C1 Runtime counter_overflow_blob}
  0x00007fe279eb7a28: e833 97f5 

  0x00007fe279eb7a2c: ; ImmutableOopMap {rsi=Oop rdx=Oop rcx=Oop r8=Oop [216]=Oop [224]=Oop }
                      ;*synchronization entry
                      ; - jdk.internal.foreign.abi.DowncallStub/0x000000001917c000::invoke@-1
  0x00007fe279eb7a2c: 06e9 a4d4 | ffff 4889 

  0x00007fe279eb7a34: ;   {runtime_call C1 Runtime throw_class_cast_exception_blob}
  0x00007fe279eb7a34: 1424 e825 

  0x00007fe279eb7a38: ; ImmutableOopMap {rdx=Oop [216]=Oop [224]=Oop }
                      ;*checkcast {reexecute=0 rethrow=0 return_oop=0}
                      ; - jdk.internal.foreign.abi.DowncallStub/0x000000001917c000::invoke@16
                      ;   {runtime_call C1 Runtime throw_null_pointer_exception_blob}
  0x00007fe279eb7a38: 60f5 06e8 

  0x00007fe279eb7a3c: ; ImmutableOopMap {rdx=Oop rsi=Oop [216]=Oop [224]=Oop }
                      ;*invokevirtual sessionImpl {reexecute=0 rethrow=0 return_oop=0}
                      ; - jdk.internal.foreign.abi.DowncallStub/0x000000001917c000::invoke@19
  0x00007fe279eb7a3c: 203c f506 

  0x00007fe279eb7a40: ;   {runtime_call C1 Runtime throw_null_pointer_exception_blob}
  0x00007fe279eb7a40: e81b 3cf5 

  0x00007fe279eb7a44: ; ImmutableOopMap {rdx=Oop rdi=Oop [216]=Oop [224]=Oop }
                      ;*invokevirtual acquire0 {reexecute=0 rethrow=0 return_oop=0}
                      ; - jdk.internal.foreign.abi.DowncallStub/0x000000001917c000::invoke@23
  0x00007fe279eb7a44: 0648 8914 

  0x00007fe279eb7a48: ;   {runtime_call C1 Runtime throw_class_cast_exception_blob}
  0x00007fe279eb7a48: 24e8 1260 

  0x00007fe279eb7a4c: ; ImmutableOopMap {[216]=Oop [224]=Oop [232]=Oop }
                      ;*checkcast {reexecute=0 rethrow=0 return_oop=0}
                      ; - jdk.internal.foreign.abi.DowncallStub/0x000000001917c000::invoke@32
                      ;   {runtime_call C1 Runtime throw_null_pointer_exception_blob}
  0x00007fe279eb7a4c: f506 e80d 

  0x00007fe279eb7a50: ; ImmutableOopMap {rsi=Oop [216]=Oop [224]=Oop [232]=Oop }
                      ;*invokevirtual unsafeGetOffset {reexecute=0 rethrow=0 return_oop=0}
                      ; - jdk.internal.foreign.abi.DowncallStub/0x000000001917c000::invoke@35
  0x00007fe279eb7a50: 3cf5 0648 

  0x00007fe279eb7a54: ;   {runtime_call C1 Runtime throw_class_cast_exception_blob}
  0x00007fe279eb7a54: 890c 24e8 

  0x00007fe279eb7a58: ; ImmutableOopMap {rcx=Oop [216]=Oop [224]=Oop [232]=Oop }
                      ;*checkcast {reexecute=0 rethrow=0 return_oop=0}
                      ; - jdk.internal.foreign.abi.DowncallStub/0x000000001917c000::invoke@42
  0x00007fe279eb7a58: 0460 f506 

  0x00007fe279eb7a5c: ;   {runtime_call C1 Runtime throw_null_pointer_exception_blob}
  0x00007fe279eb7a5c: e8ff 3bf5 

  0x00007fe279eb7a60: ; ImmutableOopMap {rcx=Oop rsi=Oop [216]=Oop [224]=Oop [232]=Oop }
                      ;*invokevirtual sessionImpl {reexecute=0 rethrow=0 return_oop=0}
                      ; - jdk.internal.foreign.abi.DowncallStub/0x000000001917c000::invoke@45
                      ;   {runtime_call C1 Runtime throw_null_pointer_exception_blob}
  0x00007fe279eb7a60: 06e8 fa3b 

  0x00007fe279eb7a64: ; ImmutableOopMap {rcx=Oop rbx=Oop [216]=Oop [224]=Oop [232]=Oop [240]=Oop }
                      ;*invokevirtual acquire0 {reexecute=0 rethrow=0 return_oop=0}
                      ; - jdk.internal.foreign.abi.DowncallStub/0x000000001917c000::invoke@49
  0x00007fe279eb7a64: f506 4889 

  0x00007fe279eb7a68: ;   {runtime_call C1 Runtime throw_class_cast_exception_blob}
  0x00007fe279eb7a68: 0c24 e8f1 

  0x00007fe279eb7a6c: ; ImmutableOopMap {[224]=Oop [232]=Oop [240]=Oop }
                      ;*checkcast {reexecute=0 rethrow=0 return_oop=0}
                      ; - jdk.internal.foreign.abi.DowncallStub/0x000000001917c000::invoke@58
                      ;   {runtime_call C1 Runtime throw_null_pointer_exception_blob}
  0x00007fe279eb7a6c: 5ff5 06e8 

  0x00007fe279eb7a70: ; ImmutableOopMap {rsi=Oop [224]=Oop [232]=Oop [240]=Oop }
                      ;*invokevirtual unsafeGetOffset {reexecute=0 rethrow=0 return_oop=0}
                      ; - jdk.internal.foreign.abi.DowncallStub/0x000000001917c000::invoke@61
  0x00007fe279eb7a70: ec3b f506 | 4c89 0424 

  0x00007fe279eb7a78: ;   {runtime_call C1 Runtime throw_class_cast_exception_blob}
  0x00007fe279eb7a78: e8e3 5ff5 

  0x00007fe279eb7a7c: ; ImmutableOopMap {r8=Oop [224]=Oop [232]=Oop [240]=Oop }
                      ;*checkcast {reexecute=0 rethrow=0 return_oop=0}
                      ; - jdk.internal.foreign.abi.DowncallStub/0x000000001917c000::invoke@68
                      ;   {runtime_call C1 Runtime throw_null_pointer_exception_blob}
  0x00007fe279eb7a7c: 06e8 de3b 

  0x00007fe279eb7a80: ; ImmutableOopMap {r8=Oop rsi=Oop [224]=Oop [232]=Oop [240]=Oop }
                      ;*invokevirtual sessionImpl {reexecute=0 rethrow=0 return_oop=0}
                      ; - jdk.internal.foreign.abi.DowncallStub/0x000000001917c000::invoke@71
                      ;   {runtime_call C1 Runtime throw_null_pointer_exception_blob}
  0x00007fe279eb7a80: f506 e8d9 

  0x00007fe279eb7a84: ; ImmutableOopMap {rbx=Oop [224]=Oop [232]=Oop [240]=Oop }
                      ;*invokevirtual acquire0 {reexecute=0 rethrow=0 return_oop=0}
                      ; - jdk.internal.foreign.abi.DowncallStub/0x000000001917c000::invoke@81
  0x00007fe279eb7a84: 3bf5 064c 

  0x00007fe279eb7a88: ;   {runtime_call C1 Runtime throw_class_cast_exception_blob}
  0x00007fe279eb7a88: 8904 24e8 

  0x00007fe279eb7a8c: ; ImmutableOopMap {[232]=Oop [240]=Oop [272]=Oop }
                      ;*checkcast {reexecute=0 rethrow=0 return_oop=0}
                      ; - jdk.internal.foreign.abi.DowncallStub/0x000000001917c000::invoke@94
  0x00007fe279eb7a8c: d05f f506 

  0x00007fe279eb7a90: ;   {runtime_call C1 Runtime throw_null_pointer_exception_blob}
  0x00007fe279eb7a90: e8cb 3bf5 

  0x00007fe279eb7a94: ; ImmutableOopMap {rsi=Oop [232]=Oop [240]=Oop [272]=Oop }
                      ;*invokevirtual unsafeGetOffset {reexecute=0 rethrow=0 return_oop=0}
                      ; - jdk.internal.foreign.abi.DowncallStub/0x000000001917c000::invoke@97
                      ;   {metadata({method} {0x00007fe250c8d2b0} 'invokeExact_MT' '(Ljava/lang/Object;JJJLjava/lang/Object;)V' in 'java/lang/invoke/LambdaForm$MH+0x0000000019191c00')}
  0x00007fe279eb7a94: 0649 bab0 | d2c8 50e2 | 7f00 004c | 8954 2408 | 48c7 0424 | ffff ffff 

  0x00007fe279eb7aac: ;   {runtime_call C1 Runtime counter_overflow_blob}
  0x00007fe279eb7aac: e8af 96f5 

  0x00007fe279eb7ab0: ; ImmutableOopMap {[232]=Oop [240]=Oop [272]=Oop }
                      ;*synchronization entry
                      ; - java.lang.invoke.LambdaForm$MH/0x0000000019191c00::invokeExact_MT@-1
                      ; - jdk.internal.foreign.abi.DowncallStub/0x000000001917c000::invoke@113
  0x00007fe279eb7ab0: 06e9 fded 

  0x00007fe279eb7ab4: ;   {metadata({method} {0x00000000184708d8} 'checkExactType' '(Ljava/lang/invoke/MethodHandle;Ljava/lang/invoke/MethodType;)V' in 'java/lang/invoke/Invokers')}
  0x00007fe279eb7ab4: ffff 49ba | d808 4718 | 0000 0000 | 4c89 5424 | 0848 c704 | 24ff ffff 

  0x00007fe279eb7acc: ;   {runtime_call C1 Runtime counter_overflow_blob}
  0x00007fe279eb7acc: ffe8 8e96 

  0x00007fe279eb7ad0: ; ImmutableOopMap {[232]=Oop [240]=Oop [272]=Oop }
                      ;*synchronization entry
                      ; - java.lang.invoke.Invokers::checkExactType@-1 (line 529)
                      ; - java.lang.invoke.LambdaForm$MH/0x0000000019191c00::invokeExact_MT@11
                      ; - jdk.internal.foreign.abi.DowncallStub/0x000000001917c000::invoke@113
  0x00007fe279eb7ad0: f506 e915 

  0x00007fe279eb7ad4: ;   {metadata({method} {0x00000000184707d0} 'checkCustomized' '(Ljava/lang/invoke/MethodHandle;)V' in 'java/lang/invoke/Invokers')}
  0x00007fe279eb7ad4: eeff ff49 | bad0 0747 | 1800 0000 | 004c 8954 | 2408 48c7 | 0424 ffff 

  0x00007fe279eb7aec: ;   {runtime_call C1 Runtime counter_overflow_blob}
  0x00007fe279eb7aec: ffff e86d 

  0x00007fe279eb7af0: ; ImmutableOopMap {[232]=Oop [240]=Oop [272]=Oop }
                      ;*synchronization entry
                      ; - java.lang.invoke.Invokers::checkCustomized@-1 (line 622)
                      ; - java.lang.invoke.LambdaForm$MH/0x0000000019191c00::invokeExact_MT@15
                      ; - jdk.internal.foreign.abi.DowncallStub/0x000000001917c000::invoke@113
  0x00007fe279eb7af0: 96f5 06e9 | 1df0 ffff 

  0x00007fe279eb7af8: ;   {metadata({method} {0x00000000181f6168} 'isCompileConstant' '(Ljava/lang/Object;)Z' in 'java/lang/invoke/MethodHandleImpl')}
  0x00007fe279eb7af8: 49ba 6861 | 1f18 0000 | 0000 4c89 | 5424 0848 | c704 24ff 

  0x00007fe279eb7b0c: ;   {runtime_call C1 Runtime counter_overflow_blob}
  0x00007fe279eb7b0c: ffff ffe8 

  0x00007fe279eb7b10: ; ImmutableOopMap {[232]=Oop [240]=Oop [272]=Oop }
                      ;*synchronization entry
                      ; - java.lang.invoke.MethodHandleImpl::isCompileConstant@-1 (line 625)
                      ; - java.lang.invoke.Invokers::checkCustomized@1 (line 622)
                      ; - java.lang.invoke.LambdaForm$MH/0x0000000019191c00::invokeExact_MT@15
                      ; - jdk.internal.foreign.abi.DowncallStub/0x000000001917c000::invoke@113
  0x00007fe279eb7b10: 4c96 f506 | e935 f0ff 

  0x00007fe279eb7b18: ;   {metadata({method} {0x00007fe250cc2ad0} 'invoke' '(Ljava/lang/Object;JJJ)V' in 'java/lang/invoke/LambdaForm$MH+0x00000000191a2000')}
  0x00007fe279eb7b18: ff49 bad0 | 2acc 50e2 | 7f00 004c | 8954 2408 | 48c7 0424 | ffff ffff 

  0x00007fe279eb7b30: ;   {runtime_call C1 Runtime counter_overflow_blob}
  0x00007fe279eb7b30: e82b 96f5 

  0x00007fe279eb7b34: ; ImmutableOopMap {[232]=Oop [240]=Oop [272]=Oop }
                      ;*synchronization entry
                      ; - java.lang.invoke.LambdaForm$MH/0x00000000191a2000::invoke@-1
                      ; - java.lang.invoke.LambdaForm$MH/0x0000000019191c00::invokeExact_MT@23
                      ; - jdk.internal.foreign.abi.DowncallStub/0x000000001917c000::invoke@113
  0x00007fe279eb7b34: 06e9 82f0 

  0x00007fe279eb7b38: ;   {metadata({method} {0x00007fe250b76c28} 'internalNativeEntryPoint' '(Ljava/lang/Object;)Ljava/lang/Object;' in 'java/lang/invoke/NativeMethodHandle')}
  0x00007fe279eb7b38: ffff 49ba | 286c b750 | e27f 0000 | 4c89 5424 | 0848 c704 | 24ff ffff 

  0x00007fe279eb7b50: ;   {runtime_call C1 Runtime counter_overflow_blob}
  0x00007fe279eb7b50: ffe8 0a96 

  0x00007fe279eb7b54: ; ImmutableOopMap {[232]=Oop [240]=Oop [272]=Oop }
                      ;*synchronization entry
                      ; - java.lang.invoke.NativeMethodHandle::internalNativeEntryPoint@-1 (line 141)
                      ; - java.lang.invoke.LambdaForm$MH/0x00000000191a2000::invoke@5
                      ; - java.lang.invoke.LambdaForm$MH/0x0000000019191c00::invokeExact_MT@23
                      ; - jdk.internal.foreign.abi.DowncallStub/0x000000001917c000::invoke@113
  0x00007fe279eb7b54: f506 e99f 

  0x00007fe279eb7b58: ;   {metadata({method} {0x00007fe250ba2428} 'close' '()V' in 'jdk/internal/foreign/abi/SharedUtils$1')}
  0x00007fe279eb7b58: f0ff ff49 | ba28 24ba | 50e2 7f00 | 004c 8954 | 2408 48c7 | 0424 ffff 

  0x00007fe279eb7b70: ;   {runtime_call C1 Runtime counter_overflow_blob}
  0x00007fe279eb7b70: ffff e8e9 

  0x00007fe279eb7b74: ; ImmutableOopMap {rdi=Oop [240]=Oop [272]=Oop }
                      ;*synchronization entry
                      ; - jdk.internal.foreign.abi.SharedUtils$1::close@-1 (line 101)
                      ; - jdk.internal.foreign.abi.DowncallStub/0x000000001917c000::invoke@121
  0x00007fe279eb7b74: 95f5 06e9 | 0cf1 ffff 

  0x00007fe279eb7b7c: ;   {metadata({method} {0x00007fe250ba2428} 'close' '()V' in 'jdk/internal/foreign/abi/SharedUtils$1')}
  0x00007fe279eb7b7c: 49ba 2824 | ba50 e27f | 0000 4c89 | 5424 0848 | c704 24ff 

  0x00007fe279eb7b90: ;   {runtime_call C1 Runtime counter_overflow_blob}
  0x00007fe279eb7b90: ffff ffe8 

  0x00007fe279eb7b94: ; ImmutableOopMap {rsi=Oop rax=Oop [280]=Oop [288]=Oop }
                      ;*synchronization entry
                      ; - jdk.internal.foreign.abi.SharedUtils$1::close@-1 (line 101)
                      ; - jdk.internal.foreign.abi.DowncallStub/0x000000001917c000::invoke@162
  0x00007fe279eb7b94: c895 f506 | e9de f5ff 

  0x00007fe279eb7b9c: ;   {runtime_call C1 Runtime throw_null_pointer_exception_blob}
  0x00007fe279eb7b9c: ffe8 be3a 

  0x00007fe279eb7ba0: ; ImmutableOopMap {rsi=Oop [280]=Oop [288]=Oop [296]=Oop }
                      ;*invokevirtual release0 {reexecute=0 rethrow=0 return_oop=0}
                      ; - jdk.internal.foreign.abi.DowncallStub/0x000000001917c000::invoke@174
                      ;   {runtime_call C1 Runtime throw_null_pointer_exception_blob}
  0x00007fe279eb7ba0: f506 e8b9 

  0x00007fe279eb7ba4: ; ImmutableOopMap {rsi=Oop [288]=Oop [296]=Oop }
                      ;*invokevirtual release0 {reexecute=0 rethrow=0 return_oop=0}
                      ; - jdk.internal.foreign.abi.DowncallStub/0x000000001917c000::invoke@184
                      ;   {runtime_call C1 Runtime throw_null_pointer_exception_blob}
  0x00007fe279eb7ba4: 3af5 06e8 

  0x00007fe279eb7ba8: ; ImmutableOopMap {rbx=Oop }
                      ;*invokevirtual release0 {reexecute=0 rethrow=0 return_oop=0}
                      ; - jdk.internal.foreign.abi.DowncallStub/0x000000001917c000::invoke@153
  0x00007fe279eb7ba8: b43a f506 

  0x00007fe279eb7bac: ;   {internal_word}
  0x00007fe279eb7bac: 49ba 0478 | eb79 e27f | 0000 4d89 | 9738 0500 

  0x00007fe279eb7bbc: ;   {runtime_call SafepointBlob}
  0x00007fe279eb7bbc: 00e9 9e9c 

  0x00007fe279eb7bc0: ;   {runtime_call C1 Runtime throw_null_pointer_exception_blob}
  0x00007fe279eb7bc0: e806 e899 

  0x00007fe279eb7bc4: ; ImmutableOopMap {rsi=Oop [296]=Oop }
                      ;*invokevirtual release0 {reexecute=0 rethrow=0 return_oop=0}
                      ; - jdk.internal.foreign.abi.DowncallStub/0x000000001917c000::invoke@194
                      ;   {oop(nullptr)}
  0x00007fe279eb7bc4: 3af5 0649 | ba00 0000 | 0000 0000 | 004c 8994 | 2420 0100 

  0x00007fe279eb7bd8: ;   {oop(nullptr)}
  0x00007fe279eb7bd8: 0049 ba00 | 0000 0000 | 0000 004c | 8994 2418 

  0x00007fe279eb7be8: ;   {oop(nullptr)}
  0x00007fe279eb7be8: 0100 0048 | be00 0000 | 0000 0000 | 00e9 12f5 

  0x00007fe279eb7bf8: ;   {oop(nullptr)}
  0x00007fe279eb7bf8: ffff 49ba | 0000 0000 | 0000 0000 | 4c89 9424 | 2001 0000 

  0x00007fe279eb7c0c: ;   {oop(nullptr)}
  0x00007fe279eb7c0c: 49ba 0000 | 0000 0000 | 0000 4c89 | 9424 1801 | 0000 488b | b424 e800 | 0000 e9e1 

  0x00007fe279eb7c28: ;   {oop(nullptr)}
  0x00007fe279eb7c28: f4ff ff49 | ba00 0000 | 0000 0000 | 004c 8994 | 2420 0100 

  0x00007fe279eb7c3c: ;   {oop(nullptr)}
  0x00007fe279eb7c3c: 0049 ba00 | 0000 0000 | 0000 004c | 8994 2418 | 0100 0048 | 8bb4 24e8 | 0000 00e9 | b0f4 ffff 
  0x00007fe279eb7c5c: ;   {oop(nullptr)}
  0x00007fe279eb7c5c: 49ba 0000 | 0000 0000 | 0000 4c89 | 9424 2001 | 0000 48ff | b424 f000 | 0000 488f | 8424 1801 
  0x00007fe279eb7c7c: 0000 488b | b424 e800 | 0000 e981 

  0x00007fe279eb7c88: ;   {oop(nullptr)}
  0x00007fe279eb7c88: f4ff ff49 | ba00 0000 | 0000 0000 | 004c 8994 | 2420 0100 | 0048 ffb4 | 24f0 0000 | 0048 8f84 
  0x00007fe279eb7ca8: 2418 0100 | 0048 8bb4 | 24e8 0000 | 00e9 52f4 | ffff 48ff | b424 1001 | 0000 488f | 8424 2001 
  0x00007fe279eb7cc8: 0000 48ff | b424 f000 | 0000 488f | 8424 1801 | 0000 488b | b424 e800 | 0000 e925 | f4ff ff48 
  0x00007fe279eb7ce8: ffb4 2410 | 0100 0048 | 8f84 2420 | 0100 0048 | ffb4 24f0 | 0000 0048 | 8f84 2418 | 0100 0048 
  0x00007fe279eb7d08: 8bb4 24e8 | 0000 00e9 | f8f3 ffff 

  0x00007fe279eb7d14: ;   {oop(nullptr)}
  0x00007fe279eb7d14: 49ba 0000 | 0000 0000 | 0000 4c89 | 9424 2001 

  0x00007fe279eb7d24: ;   {oop(nullptr)}
  0x00007fe279eb7d24: 0000 49ba | 0000 0000 | 0000 0000 | 4c89 9424 | 1801 0000 

  0x00007fe279eb7d38: ;   {oop(nullptr)}
  0x00007fe279eb7d38: 48be 0000 | 0000 0000 | 0000 e9c5 

  0x00007fe279eb7d44: ;   {oop(nullptr)}
  0x00007fe279eb7d44: f3ff ff49 | ba00 0000 | 0000 0000 | 004c 8994 | 2420 0100 

  0x00007fe279eb7d58: ;   {oop(nullptr)}
  0x00007fe279eb7d58: 0049 ba00 | 0000 0000 | 0000 004c | 8994 2418 

  0x00007fe279eb7d68: ;   {oop(nullptr)}
  0x00007fe279eb7d68: 0100 0048 | be00 0000 | 0000 0000 | 00e9 92f3 

  0x00007fe279eb7d78: ;   {oop(nullptr)}
  0x00007fe279eb7d78: ffff 49ba | 0000 0000 | 0000 0000 | 4c89 9424 | 2001 0000 

  0x00007fe279eb7d8c: ;   {oop(nullptr)}
  0x00007fe279eb7d8c: 49ba 0000 | 0000 0000 | 0000 4c89 | 9424 1801 

  0x00007fe279eb7d9c: ;   {oop(nullptr)}
  0x00007fe279eb7d9c: 0000 48be | 0000 0000 | 0000 0000 | e95f f3ff 

  0x00007fe279eb7dac: ;   {oop(nullptr)}
  0x00007fe279eb7dac: ff49 ba00 | 0000 0000 | 0000 004c | 8994 2420 

  0x00007fe279eb7dbc: ;   {oop(nullptr)}
  0x00007fe279eb7dbc: 0100 0049 | ba00 0000 | 0000 0000 | 004c 8994 | 2418 0100 | 0048 8bb4 | 24e8 0000 | 00e9 2ef3 
  0x00007fe279eb7ddc: ;   {oop(nullptr)}
  0x00007fe279eb7ddc: ffff 49ba | 0000 0000 | 0000 0000 | 4c89 9424 | 2001 0000 

  0x00007fe279eb7df0: ;   {oop(nullptr)}
  0x00007fe279eb7df0: 49ba 0000 | 0000 0000 | 0000 4c89 | 9424 1801 | 0000 488b | b424 e800 | 0000 e9fd 

  0x00007fe279eb7e0c: ;   {oop(nullptr)}
  0x00007fe279eb7e0c: f2ff ff49 | ba00 0000 | 0000 0000 | 004c 8994 | 2420 0100 

  0x00007fe279eb7e20: ;   {oop(nullptr)}
  0x00007fe279eb7e20: 0049 ba00 | 0000 0000 | 0000 004c | 8994 2418 | 0100 0048 | 8bb4 24e8 | 0000 00e9 | ccf2 ffff 
  0x00007fe279eb7e40: ;   {oop(nullptr)}
  0x00007fe279eb7e40: 49ba 0000 | 0000 0000 | 0000 4c89 | 9424 2001 

  0x00007fe279eb7e50: ;   {oop(nullptr)}
  0x00007fe279eb7e50: 0000 49ba | 0000 0000 | 0000 0000 | 4c89 9424 | 1801 0000 | 488b b424 | e800 0000 | e99b f2ff 
  0x00007fe279eb7e70: ;   {oop(nullptr)}
  0x00007fe279eb7e70: ff49 ba00 | 0000 0000 | 0000 004c | 8994 2420 

  0x00007fe279eb7e80: ;   {oop(nullptr)}
  0x00007fe279eb7e80: 0100 0049 | ba00 0000 | 0000 0000 | 004c 8994 | 2418 0100 | 0048 8bb4 | 24e8 0000 | 00e9 6af2 
  0x00007fe279eb7ea0: ;   {oop(nullptr)}
  0x00007fe279eb7ea0: ffff 49ba | 0000 0000 | 0000 0000 | 4c89 9424 | 2001 0000 | 48ff b424 | f000 0000 | 488f 8424 
  0x00007fe279eb7ec0: 1801 0000 | 488b b424 | e800 0000 | e93b f2ff 

  0x00007fe279eb7ed0: ;   {oop(nullptr)}
  0x00007fe279eb7ed0: ff49 ba00 | 0000 0000 | 0000 004c | 8994 2420 | 0100 0048 | ffb4 24f0 | 0000 0048 | 8f84 2418 
  0x00007fe279eb7ef0: 0100 0048 | 8bb4 24e8 | 0000 00e9 | 0cf2 ffff 

  0x00007fe279eb7f00: ;   {oop(nullptr)}
  0x00007fe279eb7f00: 49ba 0000 | 0000 0000 | 0000 4c89 | 9424 2001 | 0000 48ff | b424 f000 | 0000 488f | 8424 1801 
  0x00007fe279eb7f20: 0000 488b | b424 e800 | 0000 e9dd 

  0x00007fe279eb7f2c: ;   {oop(nullptr)}
  0x00007fe279eb7f2c: f1ff ff49 | ba00 0000 | 0000 0000 | 004c 8994 | 2420 0100 | 0048 ffb4 | 24f0 0000 | 0048 8f84 
  0x00007fe279eb7f4c: 2418 0100 | 0048 8bb4 | 24e8 0000 | 00e9 aef1 

  0x00007fe279eb7f5c: ;   {oop(nullptr)}
  0x00007fe279eb7f5c: ffff 49ba | 0000 0000 | 0000 0000 | 4c89 9424 | 2001 0000 | 48ff b424 | f000 0000 | 488f 8424 
  0x00007fe279eb7f7c: 1801 0000 | 488b b424 | e800 0000 | e97f f1ff | ff48 ffb4 | 2410 0100 | 0048 8f84 | 2420 0100 
  0x00007fe279eb7f9c: 0048 ffb4 | 24f0 0000 | 0048 8f84 | 2418 0100 | 0048 8bb4 | 24e8 0000 | 00e9 52f1 | ffff 48ff 
  0x00007fe279eb7fbc: b424 1001 | 0000 488f | 8424 2001 | 0000 48ff | b424 f000 | 0000 488f | 8424 1801 | 0000 488b 
  0x00007fe279eb7fdc: b424 e800 | 0000 e925 | f1ff ff49 | 8b87 e005 | 0000 49c7 | 87e0 0500 | 0000 0000 | 0049 c787 
  0x00007fe279eb7ffc: e805 0000 | 0000 0000 | 4881 c440 | 0100 005d 

  0x00007fe279eb800c: ;   {runtime_call C1 Runtime unwind_exception_blob}
  0x00007fe279eb800c: e94f 27f5 | 06f4 f4f4 | f4f4 f4f4 
[Stub Code]
  0x00007fe279eb8018: ;   {other}
  0x00007fe279eb8018: 0f1f 4400 

  0x00007fe279eb801c: ;   {static_stub}
  0x00007fe279eb801c: 0048 bb00 | 0000 0000 

  0x00007fe279eb8024: ;   {runtime_call nmethod}
  0x00007fe279eb8024: 0000 00e9 | fbff ffff 

  0x00007fe279eb802c: ;   {static_stub}
  0x00007fe279eb802c: 9048 bb00 | 0000 0000 

  0x00007fe279eb8034: ;   {runtime_call nmethod}
  0x00007fe279eb8034: 0000 00e9 | fbff ffff 

  0x00007fe279eb803c: ;   {static_stub}
  0x00007fe279eb803c: 9048 bb00 | 0000 0000 

  0x00007fe279eb8044: ;   {runtime_call nmethod}
  0x00007fe279eb8044: 0000 00e9 | fbff ffff 

  0x00007fe279eb804c: ;   {static_stub}
  0x00007fe279eb804c: 9048 bb00 | 0000 0000 

  0x00007fe279eb8054: ;   {runtime_call nmethod}
  0x00007fe279eb8054: 0000 00e9 | fbff ffff 

  0x00007fe279eb805c: ;   {static_stub}
  0x00007fe279eb805c: 9048 bb00 | 0000 0000 

  0x00007fe279eb8064: ;   {runtime_call nmethod}
  0x00007fe279eb8064: 0000 00e9 | fbff ffff 

  0x00007fe279eb806c: ;   {static_stub}
  0x00007fe279eb806c: 9048 bb00 | 0000 0000 

  0x00007fe279eb8074: ;   {runtime_call nmethod}
  0x00007fe279eb8074: 0000 00e9 | fbff ffff 

  0x00007fe279eb807c: ;   {static_stub}
  0x00007fe279eb807c: 9048 bb00 | 0000 0000 

  0x00007fe279eb8084: ;   {runtime_call nmethod}
  0x00007fe279eb8084: 0000 00e9 | fbff ffff 

  0x00007fe279eb808c: ;   {static_stub}
  0x00007fe279eb808c: 9048 bb00 | 0000 0000 

  0x00007fe279eb8094: ;   {runtime_call nmethod}
  0x00007fe279eb8094: 0000 00e9 | fbff ffff 

  0x00007fe279eb809c: ;   {static_stub}
  0x00007fe279eb809c: 9048 bb00 | 0000 0000 

  0x00007fe279eb80a4: ;   {runtime_call nmethod}
  0x00007fe279eb80a4: 0000 00e9 | fbff ffff 

  0x00007fe279eb80ac: ;   {static_stub}
  0x00007fe279eb80ac: 48bb 0000 | 0000 0000 

  0x00007fe279eb80b4: ;   {runtime_call nmethod}
  0x00007fe279eb80b4: 0000 e9fb 

  0x00007fe279eb80b8: ;   {static_stub}
  0x00007fe279eb80b8: ffff ff48 | bb00 0000 | 0000 0000 

  0x00007fe279eb80c4: ;   {runtime_call nmethod}
  0x00007fe279eb80c4: 00e9 fbff 

  0x00007fe279eb80c8: ;   {runtime_call C1 Runtime handle_exception_from_callee_blob}
  0x00007fe279eb80c8: ffff e891 

  0x00007fe279eb80cc: ;   {external_word}
  0x00007fe279eb80cc: 53f5 0648 | bf2a 1088 | 9ae2 7f00 | 0048 83e4 

  0x00007fe279eb80dc: ;   {runtime_call}
  0x00007fe279eb80dc: f0e8 2ee3 

  0x00007fe279eb80e0: ;   {section_word}
  0x00007fe279eb80e0: 4320 f449 | bae3 80eb | 79e2 7f00 

  0x00007fe279eb80ec: ;   {runtime_call DeoptimizationBlob}
  0x00007fe279eb80ec: 0041 52e9 | ec8b e806 
[Deopt MH Handler Code]
  0x00007fe279eb80f4: ;   {section_word}
  0x00007fe279eb80f4: 49ba f480 | eb79 e27f | 0000 4152 

  0x00007fe279eb8100: ;   {runtime_call DeoptimizationBlob}
  0x00007fe279eb8100: e9db 8be8 | 06f4 f4f4 
[/MachCode]


Compiled method (c1) 3796 3121       3       java.lang.invoke.DirectMethodHandle$Holder::invokeStatic (20 bytes)
 total in heap  [0x00007fe279eb9a88,0x00007fe279eb9f30] = 1192
 main code      [0x00007fe279eb9b80,0x00007fe279eb9ee0] = 864
 stub code      [0x00007fe279eb9ee0,0x00007fe279eb9f30] = 80
 mutable data [0x00007fe25865c6a0,0x00007fe25865c708] = 104
 relocation     [0x00007fe25865c6a0,0x00007fe25865c6f8] = 88
 metadata       [0x00007fe25865c6f8,0x00007fe25865c708] = 16
 immutable data [0x00007fe25865c5b0,0x00007fe25865c690] = 224
 dependencies   [0x00007fe25865c5b0,0x00007fe25865c5b8] = 8
 nul chk table  [0x00007fe25865c5b8,0x00007fe25865c5c8] = 16
 scopes pcs     [0x00007fe25865c5c8,0x00007fe25865c638] = 112
 scopes data    [0x00007fe25865c638,0x00007fe25865c690] = 88

[Constant Pool (empty)]

[MachCode]
[Verified Entry Point]
  # {method} {0x000000001820b660} 'invokeStatic' '(Ljava/lang/Object;Ljava/lang/Object;Ljava/lang/Object;Ljava/lang/Object;Ljava/lang/Object;)V' in 'java/lang/invoke/DirectMethodHandle$Holder'
  # parm0:    rsi:rsi   = 'java/lang/Object'
  # parm1:    rdx:rdx   = 'java/lang/Object'
  # parm2:    rcx:rcx   = 'java/lang/Object'
  # parm3:    r8:r8     = 'java/lang/Object'
  # parm4:    r9:r9     = 'java/lang/Object'
  #           [sp+0x60]  (sp of caller)
  0x00007fe279eb9b80: 8984 2400 | c0fe ff55 | 4883 ec50 | 4181 7f20 | 0100 0000 

  0x00007fe279eb9b94: ;   {runtime_call Stub::method_entry_barrier}
  0x00007fe279eb9b94: 7405 e845 

  0x00007fe279eb9b98: ;   {metadata(method data for {method} {0x000000001820b660} 'invokeStatic' '(Ljava/lang/Object;Ljava/lang/Object;Ljava/lang/Object;Ljava/lang/Object;Ljava/lang/Object;)V' in 'java/lang/invoke/DirectMethodHandle$Holder')}
  0x00007fe279eb9b98: d2e6 0648 | bf70 ceda | 50e2 7f00 | 008b 9f90 | 0000 0083 | c302 899f | 9000 0000 | 81e3 fe07 
  0x00007fe279eb9bb8: 0000 85db | 0f84 8a02 

  0x00007fe279eb9bc0: ;   {metadata(method data for {method} {0x000000001820b660} 'invokeStatic' '(Ljava/lang/Object;Ljava/lang/Object;Ljava/lang/Object;Ljava/lang/Object;Ljava/lang/Object;)V' in 'java/lang/invoke/DirectMethodHandle$Holder')}
  0x00007fe279eb9bc0: 0000 48bf | 70ce da50 | e27f 0000 | 4883 87d8 | 0000 0001 

  0x00007fe279eb9bd4: ;   {metadata(method data for {method} {0x00000000181fd188} 'internalMemberName' '(Ljava/lang/Object;)Ljava/lang/Object;' in 'java/lang/invoke/DirectMethodHandle')}
  0x00007fe279eb9bd4: 48bf b01b | 2a50 e27f | 0000 8b9f | 9000 0000 | 83c3 0289 | 9f90 0000 | 0081 e3fe | ff1f 0085 
  0x00007fe279eb9bf4: db0f 8472 | 0200 0048 

  0x00007fe279eb9bfc: ;   {metadata(method data for {method} {0x00000000181fd188} 'internalMemberName' '(Ljava/lang/Object;)Ljava/lang/Object;' in 'java/lang/invoke/DirectMethodHandle')}
  0x00007fe279eb9bfc: 85f6 48bb | b01b 2a50 | e27f 0000 | 750c 808b | d100 0000 | 01e9 f101 | 0000 8b46 | 0841 ba00 
  0x00007fe279eb9c1c: 0000 1849 | 03c2 483b | 83e0 0000 | 0075 0d48 | 8383 e800 | 0000 01e9 | aa01 0000 | 483b 83f0 
  0x00007fe279eb9c3c: 0000 0075 | 0d48 8383 | f800 0000 | 01e9 9401 | 0000 483b | 8300 0100 | 0075 0d48 | 8383 0801 
  0x00007fe279eb9c5c: 0000 01e9 | 7e01 0000 | 483b 8310 | 0100 0075 | 0d48 8383 | 1801 0000 | 01e9 6801 | 0000 483b 
  0x00007fe279eb9c7c: 8320 0100 | 0075 0d48 | 8383 2801 | 0000 01e9 | 5201 0000 | 483b 8330 | 0100 0075 | 0d48 8383 
  0x00007fe279eb9c9c: 3801 0000 | 01e9 3c01 | 0000 483b | 8340 0100 | 0075 0d48 | 8383 4801 | 0000 01e9 | 2601 0000 
  0x00007fe279eb9cbc: 483b 8350 | 0100 0075 | 0d48 8383 | 5801 0000 | 01e9 1001 | 0000 4883 | bbe0 0000 | 0000 7517 
  0x00007fe279eb9cdc: 4889 83e0 | 0000 0048 | c783 e800 | 0000 0100 | 0000 e9ef | 0000 0048 | 83bb f000 | 0000 0075 
  0x00007fe279eb9cfc: ;   {other}
  0x00007fe279eb9cfc: 1748 8983 | f000 0000 | 48c7 83f8 | 0000 0001 | 0000 00e9 | ce00 0000 | 4883 bb00 | 0100 0000 
  0x00007fe279eb9d1c: 7517 4889 | 8300 0100 | 0048 c783 | 0801 0000 | 0100 0000 | e9ad 0000 | 0048 83bb | 1001 0000 
  0x00007fe279eb9d3c: 0075 1748 | 8983 1001 | 0000 48c7 | 8318 0100 | 0001 0000 | 00e9 8c00 | 0000 4883 | bb20 0100 
  0x00007fe279eb9d5c: 0000 7517 | 4889 8320 | 0100 0048 | c783 2801 | 0000 0100 | 0000 e96b | 0000 0048 | 83bb 3001 
  0x00007fe279eb9d7c: 0000 0075 | 1748 8983 | 3001 0000 | 48c7 8338 | 0100 0001 | 0000 00e9 | 4a00 0000 | 4883 bb40 
  0x00007fe279eb9d9c: 0100 0000 | 7517 4889 | 8340 0100 | 0048 c783 | 4801 0000 | 0100 0000 | e929 0000 | 0048 83bb 
  0x00007fe279eb9dbc: 5001 0000 | 0075 1748 | 8983 5001 | 0000 48c7 | 8358 0100 | 0001 0000 | 00e9 0800 | 0000 4883 
  0x00007fe279eb9ddc: 83d8 0000 

  0x00007fe279eb9de0: ;   {metadata('java/lang/invoke/DirectMethodHandle')}
  0x00007fe279eb9de0: 0001 48b8 | e0c4 1f18 | 0000 0000 | 8b5e 0841 | ba00 0000 | 1849 03da | 483b 4340 | 0f85 8c00 
  0x00007fe279eb9e00: 0000 e900 | 0000 008b 

  0x00007fe279eb9e08: ;   {metadata(method data for {method} {0x000000001820b660} 'invokeStatic' '(Ljava/lang/Object;Ljava/lang/Object;Ljava/lang/Object;Ljava/lang/Object;Ljava/lang/Object;)V' in 'java/lang/invoke/DirectMethodHandle$Holder')}
  0x00007fe279eb9e08: 7e20 48be | 70ce da50 | e27f 0000 | 4883 8678 | 0100 0001 | 488b f248 | 8bd1 498b | c84d 8bc1 
  0x00007fe279eb9e28: 4c8b cf0f 

  0x00007fe279eb9e2c: ;   {static_call}
  0x00007fe279eb9e2c: 1f40 00e8 

  0x00007fe279eb9e30: ; ImmutableOopMap {}
                      ;*invokestatic linkToStatic {reexecute=0 rethrow=0 return_oop=0}
                      ; - java.lang.invoke.DirectMethodHandle$Holder::invokeStatic@16
  0x00007fe279eb9e30: 4ccb 4c07 

  0x00007fe279eb9e34: ;   {post_call_nop}
  0x00007fe279eb9e34: 0f1f 8400 | ac03 0000 | 4883 c450 

  0x00007fe279eb9e40: ;   {poll_return}
  0x00007fe279eb9e40: 5d49 3b67 | 280f 8751 | 0000 00c3 

  0x00007fe279eb9e4c: ;   {metadata({method} {0x000000001820b660} 'invokeStatic' '(Ljava/lang/Object;Ljava/lang/Object;Ljava/lang/Object;Ljava/lang/Object;Ljava/lang/Object;)V' in 'java/lang/invoke/DirectMethodHandle$Holder')}
  0x00007fe279eb9e4c: 49ba 60b6 | 2018 0000 | 0000 4c89 | 5424 0848 | c704 24ff 

  0x00007fe279eb9e60: ;   {runtime_call C1 Runtime counter_overflow_blob}
  0x00007fe279eb9e60: ffff ffe8 

  0x00007fe279eb9e64: ; ImmutableOopMap {rsi=Oop rdx=Oop rcx=Oop r8=Oop r9=Oop }
                      ;*synchronization entry
                      ; - java.lang.invoke.DirectMethodHandle$Holder::invokeStatic@-1
  0x00007fe279eb9e64: f872 f506 | e955 fdff 

  0x00007fe279eb9e6c: ;   {metadata({method} {0x00000000181fd188} 'internalMemberName' '(Ljava/lang/Object;)Ljava/lang/Object;' in 'java/lang/invoke/DirectMethodHandle')}
  0x00007fe279eb9e6c: ff49 ba88 | d11f 1800 | 0000 004c | 8954 2408 | 48c7 0424 | ffff ffff 

  0x00007fe279eb9e84: ;   {runtime_call C1 Runtime counter_overflow_blob}
  0x00007fe279eb9e84: e8d7 72f5 

  0x00007fe279eb9e88: ; ImmutableOopMap {rsi=Oop rdx=Oop rcx=Oop r8=Oop r9=Oop }
                      ;*synchronization entry
                      ; - java.lang.invoke.DirectMethodHandle::internalMemberName@-1 (line 326)
                      ; - java.lang.invoke.DirectMethodHandle$Holder::invokeStatic@1
  0x00007fe279eb9e88: 06e9 6dfd | ffff 4889 

  0x00007fe279eb9e90: ;   {runtime_call C1 Runtime throw_class_cast_exception_blob}
  0x00007fe279eb9e90: 3424 e8c9 

  0x00007fe279eb9e94: ; ImmutableOopMap {rdx=Oop rcx=Oop r8=Oop r9=Oop }
                      ;*checkcast {reexecute=0 rethrow=0 return_oop=0}
                      ; - java.lang.invoke.DirectMethodHandle::internalMemberName@1 (line 326)
                      ; - java.lang.invoke.DirectMethodHandle$Holder::invokeStatic@1
                      ;   {runtime_call C1 Runtime throw_null_pointer_exception_blob}
  0x00007fe279eb9e94: 3bf5 06e8 

  0x00007fe279eb9e98: ; ImmutableOopMap {rdx=Oop rcx=Oop r8=Oop r9=Oop }
                      ;*getfield member {reexecute=1 rethrow=0 return_oop=0}
                      ; - (reexecute) java.lang.invoke.DirectMethodHandle::internalMemberName@4 (line 326)
                      ; - java.lang.invoke.DirectMethodHandle$Holder::invokeStatic@1
  0x00007fe279eb9e98: c417 f506 

  0x00007fe279eb9e9c: ;   {internal_word}
  0x00007fe279eb9e9c: 49ba 419e | eb79 e27f | 0000 4d89 | 9738 0500 

  0x00007fe279eb9eac: ;   {runtime_call SafepointBlob}
  0x00007fe279eb9eac: 00e9 ae79 | e806 498b | 87e0 0500 | 0049 c787 | e005 0000 | 0000 0000 | 49c7 87e8 | 0500 0000 
  0x00007fe279eb9ecc: 0000 0048 | 83c4 505d 

  0x00007fe279eb9ed4: ;   {runtime_call C1 Runtime unwind_exception_blob}
  0x00007fe279eb9ed4: e987 08f5 | 06f4 f4f4 | f4f4 f4f4 
[Stub Code]
  0x00007fe279eb9ee0: ;   {static_stub}
  0x00007fe279eb9ee0: 48bb 0000 | 0000 0000 

  0x00007fe279eb9ee8: ;   {runtime_call nmethod}
  0x00007fe279eb9ee8: 0000 e9fb 

  0x00007fe279eb9eec: ;   {runtime_call C1 Runtime handle_exception_from_callee_blob}
  0x00007fe279eb9eec: ffff ffe8 | 6c35 f506 

  0x00007fe279eb9ef4: ;   {external_word}
  0x00007fe279eb9ef4: 48bf 2a10 | 889a e27f | 0000 4883 

  0x00007fe279eb9f00: ;   {runtime_call}
  0x00007fe279eb9f00: e4f0 e809 | c543 20f4 
[Deopt Handler Code]
  0x00007fe279eb9f08: ;   {section_word}
  0x00007fe279eb9f08: 49ba 089f | eb79 e27f | 0000 4152 

  0x00007fe279eb9f14: ;   {runtime_call DeoptimizationBlob}
  0x00007fe279eb9f14: e9c7 6de8 

  0x00007fe279eb9f18: ;   {section_word}
  0x00007fe279eb9f18: 0649 ba19 | 9feb 79e2 | 7f00 0041 

  0x00007fe279eb9f24: ;   {runtime_call DeoptimizationBlob}
  0x00007fe279eb9f24: 52e9 b66d | e806 f4f4 | f4f4 f4f4 
[/MachCode]


---------------  P R O C E S S  ---------------

Threads class SMR info:
_java_thread_list=0x00007fe26c00d250, length=18, elements={
0x00007fe29402c670, 0x00007fe294108190, 0x00007fe294109380, 0x00007fe29410aee0,
0x00007fe29410c800, 0x00007fe29410e080, 0x00007fe29410fee0, 0x00007fe2941118d0,
0x00007fe25802f170, 0x00007fe294173bc0, 0x00007fe294176250, 0x00007fe29455f580,
0x00007fe2945715b0, 0x00007fe294576540, 0x00007fe2947bd450, 0x00007fe2947cd710,
0x00007fe2947d4e60, 0x00007fe26c00c2e0
}

Java Threads: ( => current thread )
  0x00007fe29402c670 JavaThread "Test worker"                       [_thread_blocked, id=174089, stack(0x00007fe2993f8000,0x00007fe2994f8000) (1024K)]
  0x00007fe294108190 JavaThread "Reference Handler"          daemon [_thread_blocked, id=174100, stack(0x00007fe2785f7000,0x00007fe2786f7000) (1024K)]
  0x00007fe294109380 JavaThread "Finalizer"                  daemon [_thread_blocked, id=174101, stack(0x00007fe2782f4000,0x00007fe2783f4000) (1024K)]
  0x00007fe29410aee0 JavaThread "Signal Dispatcher"          daemon [_thread_blocked, id=174102, stack(0x00007fe2781f3000,0x00007fe2782f3000) (1024K)]
  0x00007fe29410c800 JavaThread "Service Thread"             daemon [_thread_blocked, id=174103, stack(0x00007fe2780f2000,0x00007fe2781f2000) (1024K)]
  0x00007fe29410e080 JavaThread "Monitor Deflation Thread"   daemon [_thread_blocked, id=174104, stack(0x00007fe269f00000,0x00007fe26a000000) (1024K)]
  0x00007fe29410fee0 JavaThread "JVMCI-native CompilerThread0" daemon [_thread_blocked, id=174105, stack(0x00007fe2699ff000,0x00007fe269c00000) (2052K)]
  0x00007fe2941118d0 JavaThread "C1 CompilerThread0"         daemon [_thread_blocked, id=174106, stack(0x00007fe2697fd000,0x00007fe2699fe000) (2052K)]
  0x00007fe25802f170 JavaThread "C1 CompilerThread1"         daemon [_thread_blocked, id=174107, stack(0x00007fe2695fb000,0x00007fe2697fc000) (2052K)]
  0x00007fe294173bc0 JavaThread "Notification Thread"        daemon [_thread_blocked, id=174109, stack(0x00007fe2692f8000,0x00007fe2693f8000) (1024K)]
  0x00007fe294176250 JavaThread "Common-Cleaner"             daemon [_thread_blocked, id=174110, stack(0x00007fe2691f7000,0x00007fe2692f7000) (1024K)]
  0x00007fe29455f580 JavaThread "/127.0.0.1:50322 to /127.0.0.1:42921 workers"        [_thread_blocked, id=174118, stack(0x00007fe2690f6000,0x00007fe2691f6000) (1024K)]
  0x00007fe2945715b0 JavaThread "/127.0.0.1:50322 to /127.0.0.1:42921 workers Thread 2"        [_thread_blocked, id=174119, stack(0x00007fe268ff5000,0x00007fe2690f5000) (1024K)]
  0x00007fe294576540 JavaThread "/127.0.0.1:50322 to /127.0.0.1:42921 workers Thread 3"        [_thread_in_native, id=174120, stack(0x00007fe268ef4000,0x00007fe268ff4000) (1024K)]
  0x00007fe2947bd450 JavaThread "libsound-dbus-mpris"        daemon [_thread_in_native, id=174131, stack(0x00007fe2685a4000,0x00007fe2686a4000) (1024K)]
=>0x00007fe2947cd710 JavaThread "libsound-dbus-mpris-read"   daemon [_thread_in_native, id=174132, stack(0x00007fe2693f9000,0x00007fe2695fa000) (2052K)]
  0x00007fe2947d4e60 JavaThread "junit-timeout-thread-1"            [_thread_blocked, id=174133, stack(0x00007fe2684a3000,0x00007fe2685a3000) (1024K)]
  0x00007fe26c00c2e0 JavaThread "process reaper"             daemon [_thread_blocked, id=174136, stack(0x00007fe268480000,0x00007fe2684a2000) (136K)]
Total: 18

Other Threads:
  0x00007fe2940fe400 VMThread "VM Thread"                           [id=174099, stack(0x00007fe2783f5000,0x00007fe2784f5000) (1024K)]
  0x00007fe2940ec330 WatcherThread "VM Periodic Task Thread"        [id=174098, stack(0x00007fe2784f6000,0x00007fe2785f6000) (1024K)]
  0x00007fe29405b6b0 WorkerThread "GC Thread#0"                     [id=174090, stack(0x00007fe29851a000,0x00007fe29861a000) (1024K)]
  0x00007fe2586198b0 WorkerThread "GC Thread#1"                     [id=174122, stack(0x00007fe268df3000,0x00007fe268ef3000) (1024K)]
  0x00007fe25861a5f0 WorkerThread "GC Thread#2"                     [id=174123, stack(0x00007fe268cf2000,0x00007fe268df2000) (1024K)]
  0x00007fe25861b330 WorkerThread "GC Thread#3"                     [id=174124, stack(0x00007fe268bf1000,0x00007fe268cf1000) (1024K)]
  0x00007fe25861c070 WorkerThread "GC Thread#4"                     [id=174125, stack(0x00007fe268af0000,0x00007fe268bf0000) (1024K)]
  0x00007fe25861d210 WorkerThread "GC Thread#5"                     [id=174126, stack(0x00007fe2689ef000,0x00007fe268aef000) (1024K)]
  0x00007fe25861df50 WorkerThread "GC Thread#6"                     [id=174127, stack(0x00007fe2688ee000,0x00007fe2689ee000) (1024K)]
  0x00007fe25861f090 WorkerThread "GC Thread#7"                     [id=174128, stack(0x00007fe2687ed000,0x00007fe2688ed000) (1024K)]
  0x00007fe294062e90 ConcurrentGCThread "G1 Main Marker"            [id=174091, stack(0x00007fe298419000,0x00007fe298519000) (1024K)]
  0x00007fe294063f90 WorkerThread "G1 Conc#0"                       [id=174092, stack(0x00007fe298318000,0x00007fe298418000) (1024K)]
  0x00007fe2940de100 ConcurrentGCThread "G1 Refine#0"               [id=174093, stack(0x00007fe2787f9000,0x00007fe2788f9000) (1024K)]
  0x00007fe2940df220 ConcurrentGCThread "G1 Service"                [id=174094, stack(0x00007fe2786f8000,0x00007fe2787f8000) (1024K)]
Total: 14

Threads with active compile tasks:
Total: 0

VM state: not at safepoint (normal execution)

VM Mutex/Monitor currently owned by a thread: None

Heap address: 0x00000000e0000000, size: 512 MB, Compressed Oops mode: 32-bit

CDS archive(s) mapped at: [0x0000000018000000-0x0000000018da9000-0x0000000018da9000), size 14323712, SharedBaseAddress: 0x0000000018000000, ArchiveRelocationMode: 1.
Compressed class space mapped at: 0x0000000019000000-0x0000000059000000, reserved size: 1073741824
UseCompressedClassPointers 1, UseCompactObjectHeaders 0
Narrow klass pointer bits 32, Max shift 3
Narrow klass base: 0x0000000018000000, Narrow klass shift: 0
Encoding Range: [0x0000000018000000 - 0x0000000118000000), (4294967296 bytes)
Klass Range:    [0x0000000018001000 - 0x0000000059000000), (1090514944 bytes)
Klass ID Range:  [4096 - 1090519033) (1090514937)
Protection zone: [0x0000000018000000 - 0x0000000018001000), (4096 bytes)

GC Precious Log:
 CardTable entry size: 512
 Card Set container configuration: InlinePtr #cards 5 size 8 Array Of Cards #cards 10 size 36 Howl #buckets 4 coarsen threshold 1843 Howl Bitmap #cards 512 size 80 coarsen threshold 460 Card regions per heap region 1 cards per card region 2048
 CPUs: 12 total, 12 available
 Memory: 23748M
 Large Page Support: Disabled
 NUMA Support: Disabled
 Compressed Oops: Enabled (32-bit)
 Heap Region Size: 1M
 Heap Min Capacity: 8M
 Heap Initial Capacity: 372M
 Heap Max Capacity: 512M
 Pre-touch: Disabled
 Parallel Workers: 10
 Concurrent Workers: 3
 Concurrent Refinement Workers: 10
 Periodic GC: Disabled

Heap:
 garbage-first heap   total reserved 524288K, committed 382976K, used 30575K [0x00000000e0000000, 0x0000000100000000)
  region size 1024K, 30 young (30720K), 6 survivors (6144K)

Heap Regions: E=young(eden), S=young(survivor), O=old, HS=humongous(starts), HC=humongous(continues), CS=collection set, F=free, TAMS=top-at-mark-start, PB=parsable bottom
|   0|0x00000000e0000000, 0x00000000e0100000, 0x00000000e0100000|100%|HS|  |TAMS 0x00000000e0000000| PB 0x00000000e0000000| Complete |  0
|   1|0x00000000e0100000, 0x00000000e0100000, 0x00000000e0200000|  0%| F|  |TAMS 0x00000000e0100000| PB 0x00000000e0100000| Untracked |  0
|   2|0x00000000e0200000, 0x00000000e0200000, 0x00000000e0300000|  0%| F|  |TAMS 0x00000000e0200000| PB 0x00000000e0200000| Untracked |  0
|   3|0x00000000e0300000, 0x00000000e0300000, 0x00000000e0400000|  0%| F|  |TAMS 0x00000000e0300000| PB 0x00000000e0300000| Untracked |  0
|   4|0x00000000e0400000, 0x00000000e0400000, 0x00000000e0500000|  0%| F|  |TAMS 0x00000000e0400000| PB 0x00000000e0400000| Untracked |  0
|   5|0x00000000e0500000, 0x00000000e0500000, 0x00000000e0600000|  0%| F|  |TAMS 0x00000000e0500000| PB 0x00000000e0500000| Untracked |  0
|   6|0x00000000e0600000, 0x00000000e0600000, 0x00000000e0700000|  0%| F|  |TAMS 0x00000000e0600000| PB 0x00000000e0600000| Untracked |  0
|   7|0x00000000e0700000, 0x00000000e0700000, 0x00000000e0800000|  0%| F|  |TAMS 0x00000000e0700000| PB 0x00000000e0700000| Untracked |  0
|   8|0x00000000e0800000, 0x00000000e0800000, 0x00000000e0900000|  0%| F|  |TAMS 0x00000000e0800000| PB 0x00000000e0800000| Untracked |  0
|   9|0x00000000e0900000, 0x00000000e0900000, 0x00000000e0a00000|  0%| F|  |TAMS 0x00000000e0900000| PB 0x00000000e0900000| Untracked |  0
|  10|0x00000000e0a00000, 0x00000000e0a00000, 0x00000000e0b00000|  0%| F|  |TAMS 0x00000000e0a00000| PB 0x00000000e0a00000| Untracked |  0
|  11|0x00000000e0b00000, 0x00000000e0b00000, 0x00000000e0c00000|  0%| F|  |TAMS 0x00000000e0b00000| PB 0x00000000e0b00000| Untracked |  0
|  12|0x00000000e0c00000, 0x00000000e0c00000, 0x00000000e0d00000|  0%| F|  |TAMS 0x00000000e0c00000| PB 0x00000000e0c00000| Untracked |  0
|  13|0x00000000e0d00000, 0x00000000e0d00000, 0x00000000e0e00000|  0%| F|  |TAMS 0x00000000e0d00000| PB 0x00000000e0d00000| Untracked |  0
|  14|0x00000000e0e00000, 0x00000000e0e00000, 0x00000000e0f00000|  0%| F|  |TAMS 0x00000000e0e00000| PB 0x00000000e0e00000| Untracked |  0
|  15|0x00000000e0f00000, 0x00000000e0f00000, 0x00000000e1000000|  0%| F|  |TAMS 0x00000000e0f00000| PB 0x00000000e0f00000| Untracked |  0
|  16|0x00000000e1000000, 0x00000000e1000000, 0x00000000e1100000|  0%| F|  |TAMS 0x00000000e1000000| PB 0x00000000e1000000| Untracked |  0
|  17|0x00000000e1100000, 0x00000000e1100000, 0x00000000e1200000|  0%| F|  |TAMS 0x00000000e1100000| PB 0x00000000e1100000| Untracked |  0
|  18|0x00000000e1200000, 0x00000000e1200000, 0x00000000e1300000|  0%| F|  |TAMS 0x00000000e1200000| PB 0x00000000e1200000| Untracked |  0
|  19|0x00000000e1300000, 0x00000000e1300000, 0x00000000e1400000|  0%| F|  |TAMS 0x00000000e1300000| PB 0x00000000e1300000| Untracked |  0
|  20|0x00000000e1400000, 0x00000000e1400000, 0x00000000e1500000|  0%| F|  |TAMS 0x00000000e1400000| PB 0x00000000e1400000| Untracked |  0
|  21|0x00000000e1500000, 0x00000000e1500000, 0x00000000e1600000|  0%| F|  |TAMS 0x00000000e1500000| PB 0x00000000e1500000| Untracked |  0
|  22|0x00000000e1600000, 0x00000000e1600000, 0x00000000e1700000|  0%| F|  |TAMS 0x00000000e1600000| PB 0x00000000e1600000| Untracked |  0
|  23|0x00000000e1700000, 0x00000000e1700000, 0x00000000e1800000|  0%| F|  |TAMS 0x00000000e1700000| PB 0x00000000e1700000| Untracked |  0
|  24|0x00000000e1800000, 0x00000000e1800000, 0x00000000e1900000|  0%| F|  |TAMS 0x00000000e1800000| PB 0x00000000e1800000| Untracked |  0
|  25|0x00000000e1900000, 0x00000000e1900000, 0x00000000e1a00000|  0%| F|  |TAMS 0x00000000e1900000| PB 0x00000000e1900000| Untracked |  0
|  26|0x00000000e1a00000, 0x00000000e1a00000, 0x00000000e1b00000|  0%| F|  |TAMS 0x00000000e1a00000| PB 0x00000000e1a00000| Untracked |  0
|  27|0x00000000e1b00000, 0x00000000e1b00000, 0x00000000e1c00000|  0%| F|  |TAMS 0x00000000e1b00000| PB 0x00000000e1b00000| Untracked |  0
|  28|0x00000000e1c00000, 0x00000000e1c00000, 0x00000000e1d00000|  0%| F|  |TAMS 0x00000000e1c00000| PB 0x00000000e1c00000| Untracked |  0
|  29|0x00000000e1d00000, 0x00000000e1d00000, 0x00000000e1e00000|  0%| F|  |TAMS 0x00000000e1d00000| PB 0x00000000e1d00000| Untracked |  0
|  30|0x00000000e1e00000, 0x00000000e1e00000, 0x00000000e1f00000|  0%| F|  |TAMS 0x00000000e1e00000| PB 0x00000000e1e00000| Untracked |  0
|  31|0x00000000e1f00000, 0x00000000e1f00000, 0x00000000e2000000|  0%| F|  |TAMS 0x00000000e1f00000| PB 0x00000000e1f00000| Untracked |  0
|  32|0x00000000e2000000, 0x00000000e2000000, 0x00000000e2100000|  0%| F|  |TAMS 0x00000000e2000000| PB 0x00000000e2000000| Untracked |  0
|  33|0x00000000e2100000, 0x00000000e2100000, 0x00000000e2200000|  0%| F|  |TAMS 0x00000000e2100000| PB 0x00000000e2100000| Untracked |  0
|  34|0x00000000e2200000, 0x00000000e2200000, 0x00000000e2300000|  0%| F|  |TAMS 0x00000000e2200000| PB 0x00000000e2200000| Untracked |  0
|  35|0x00000000e2300000, 0x00000000e2300000, 0x00000000e2400000|  0%| F|  |TAMS 0x00000000e2300000| PB 0x00000000e2300000| Untracked |  0
|  36|0x00000000e2400000, 0x00000000e2400000, 0x00000000e2500000|  0%| F|  |TAMS 0x00000000e2400000| PB 0x00000000e2400000| Untracked |  0
|  37|0x00000000e2500000, 0x00000000e2500000, 0x00000000e2600000|  0%| F|  |TAMS 0x00000000e2500000| PB 0x00000000e2500000| Untracked |  0
|  38|0x00000000e2600000, 0x00000000e2600000, 0x00000000e2700000|  0%| F|  |TAMS 0x00000000e2600000| PB 0x00000000e2600000| Untracked |  0
|  39|0x00000000e2700000, 0x00000000e2700000, 0x00000000e2800000|  0%| F|  |TAMS 0x00000000e2700000| PB 0x00000000e2700000| Untracked |  0
|  40|0x00000000e2800000, 0x00000000e2800000, 0x00000000e2900000|  0%| F|  |TAMS 0x00000000e2800000| PB 0x00000000e2800000| Untracked |  0
|  41|0x00000000e2900000, 0x00000000e2900000, 0x00000000e2a00000|  0%| F|  |TAMS 0x00000000e2900000| PB 0x00000000e2900000| Untracked |  0
|  42|0x00000000e2a00000, 0x00000000e2a00000, 0x00000000e2b00000|  0%| F|  |TAMS 0x00000000e2a00000| PB 0x00000000e2a00000| Untracked |  0
|  43|0x00000000e2b00000, 0x00000000e2b00000, 0x00000000e2c00000|  0%| F|  |TAMS 0x00000000e2b00000| PB 0x00000000e2b00000| Untracked |  0
|  44|0x00000000e2c00000, 0x00000000e2c00000, 0x00000000e2d00000|  0%| F|  |TAMS 0x00000000e2c00000| PB 0x00000000e2c00000| Untracked |  0
|  45|0x00000000e2d00000, 0x00000000e2d00000, 0x00000000e2e00000|  0%| F|  |TAMS 0x00000000e2d00000| PB 0x00000000e2d00000| Untracked |  0
|  46|0x00000000e2e00000, 0x00000000e2e00000, 0x00000000e2f00000|  0%| F|  |TAMS 0x00000000e2e00000| PB 0x00000000e2e00000| Untracked |  0
|  47|0x00000000e2f00000, 0x00000000e2f00000, 0x00000000e3000000|  0%| F|  |TAMS 0x00000000e2f00000| PB 0x00000000e2f00000| Untracked |  0
|  48|0x00000000e3000000, 0x00000000e3000000, 0x00000000e3100000|  0%| F|  |TAMS 0x00000000e3000000| PB 0x00000000e3000000| Untracked |  0
|  49|0x00000000e3100000, 0x00000000e3100000, 0x00000000e3200000|  0%| F|  |TAMS 0x00000000e3100000| PB 0x00000000e3100000| Untracked |  0
|  50|0x00000000e3200000, 0x00000000e3200000, 0x00000000e3300000|  0%| F|  |TAMS 0x00000000e3200000| PB 0x00000000e3200000| Untracked |  0
|  51|0x00000000e3300000, 0x00000000e3300000, 0x00000000e3400000|  0%| F|  |TAMS 0x00000000e3300000| PB 0x00000000e3300000| Untracked |  0
|  52|0x00000000e3400000, 0x00000000e3400000, 0x00000000e3500000|  0%| F|  |TAMS 0x00000000e3400000| PB 0x00000000e3400000| Untracked |  0
|  53|0x00000000e3500000, 0x00000000e3500000, 0x00000000e3600000|  0%| F|  |TAMS 0x00000000e3500000| PB 0x00000000e3500000| Untracked |  0
|  54|0x00000000e3600000, 0x00000000e3600000, 0x00000000e3700000|  0%| F|  |TAMS 0x00000000e3600000| PB 0x00000000e3600000| Untracked |  0
|  55|0x00000000e3700000, 0x00000000e3700000, 0x00000000e3800000|  0%| F|  |TAMS 0x00000000e3700000| PB 0x00000000e3700000| Untracked |  0
|  56|0x00000000e3800000, 0x00000000e3800000, 0x00000000e3900000|  0%| F|  |TAMS 0x00000000e3800000| PB 0x00000000e3800000| Untracked |  0
|  57|0x00000000e3900000, 0x00000000e3900000, 0x00000000e3a00000|  0%| F|  |TAMS 0x00000000e3900000| PB 0x00000000e3900000| Untracked |  0
|  58|0x00000000e3a00000, 0x00000000e3a00000, 0x00000000e3b00000|  0%| F|  |TAMS 0x00000000e3a00000| PB 0x00000000e3a00000| Untracked |  0
|  59|0x00000000e3b00000, 0x00000000e3b00000, 0x00000000e3c00000|  0%| F|  |TAMS 0x00000000e3b00000| PB 0x00000000e3b00000| Untracked |  0
|  60|0x00000000e3c00000, 0x00000000e3c00000, 0x00000000e3d00000|  0%| F|  |TAMS 0x00000000e3c00000| PB 0x00000000e3c00000| Untracked |  0
|  61|0x00000000e3d00000, 0x00000000e3d00000, 0x00000000e3e00000|  0%| F|  |TAMS 0x00000000e3d00000| PB 0x00000000e3d00000| Untracked |  0
|  62|0x00000000e3e00000, 0x00000000e3e00000, 0x00000000e3f00000|  0%| F|  |TAMS 0x00000000e3e00000| PB 0x00000000e3e00000| Untracked |  0
|  63|0x00000000e3f00000, 0x00000000e3f00000, 0x00000000e4000000|  0%| F|  |TAMS 0x00000000e3f00000| PB 0x00000000e3f00000| Untracked |  0
|  64|0x00000000e4000000, 0x00000000e4000000, 0x00000000e4100000|  0%| F|  |TAMS 0x00000000e4000000| PB 0x00000000e4000000| Untracked |  0
|  65|0x00000000e4100000, 0x00000000e4100000, 0x00000000e4200000|  0%| F|  |TAMS 0x00000000e4100000| PB 0x00000000e4100000| Untracked |  0
|  66|0x00000000e4200000, 0x00000000e4200000, 0x00000000e4300000|  0%| F|  |TAMS 0x00000000e4200000| PB 0x00000000e4200000| Untracked |  0
|  67|0x00000000e4300000, 0x00000000e4300000, 0x00000000e4400000|  0%| F|  |TAMS 0x00000000e4300000| PB 0x00000000e4300000| Untracked |  0
|  68|0x00000000e4400000, 0x00000000e4400000, 0x00000000e4500000|  0%| F|  |TAMS 0x00000000e4400000| PB 0x00000000e4400000| Untracked |  0
|  69|0x00000000e4500000, 0x00000000e4500000, 0x00000000e4600000|  0%| F|  |TAMS 0x00000000e4500000| PB 0x00000000e4500000| Untracked |  0
|  70|0x00000000e4600000, 0x00000000e4600000, 0x00000000e4700000|  0%| F|  |TAMS 0x00000000e4600000| PB 0x00000000e4600000| Untracked |  0
|  71|0x00000000e4700000, 0x00000000e4700000, 0x00000000e4800000|  0%| F|  |TAMS 0x00000000e4700000| PB 0x00000000e4700000| Untracked |  0
|  72|0x00000000e4800000, 0x00000000e4800000, 0x00000000e4900000|  0%| F|  |TAMS 0x00000000e4800000| PB 0x00000000e4800000| Untracked |  0
|  73|0x00000000e4900000, 0x00000000e4900000, 0x00000000e4a00000|  0%| F|  |TAMS 0x00000000e4900000| PB 0x00000000e4900000| Untracked |  0
|  74|0x00000000e4a00000, 0x00000000e4a00000, 0x00000000e4b00000|  0%| F|  |TAMS 0x00000000e4a00000| PB 0x00000000e4a00000| Untracked |  0
|  75|0x00000000e4b00000, 0x00000000e4b00000, 0x00000000e4c00000|  0%| F|  |TAMS 0x00000000e4b00000| PB 0x00000000e4b00000| Untracked |  0
|  76|0x00000000e4c00000, 0x00000000e4c00000, 0x00000000e4d00000|  0%| F|  |TAMS 0x00000000e4c00000| PB 0x00000000e4c00000| Untracked |  0
|  77|0x00000000e4d00000, 0x00000000e4d00000, 0x00000000e4e00000|  0%| F|  |TAMS 0x00000000e4d00000| PB 0x00000000e4d00000| Untracked |  0
|  78|0x00000000e4e00000, 0x00000000e4e00000, 0x00000000e4f00000|  0%| F|  |TAMS 0x00000000e4e00000| PB 0x00000000e4e00000| Untracked |  0
|  79|0x00000000e4f00000, 0x00000000e4f00000, 0x00000000e5000000|  0%| F|  |TAMS 0x00000000e4f00000| PB 0x00000000e4f00000| Untracked |  0
|  80|0x00000000e5000000, 0x00000000e5000000, 0x00000000e5100000|  0%| F|  |TAMS 0x00000000e5000000| PB 0x00000000e5000000| Untracked |  0
|  81|0x00000000e5100000, 0x00000000e5100000, 0x00000000e5200000|  0%| F|  |TAMS 0x00000000e5100000| PB 0x00000000e5100000| Untracked |  0
|  82|0x00000000e5200000, 0x00000000e5200000, 0x00000000e5300000|  0%| F|  |TAMS 0x00000000e5200000| PB 0x00000000e5200000| Untracked |  0
|  83|0x00000000e5300000, 0x00000000e5300000, 0x00000000e5400000|  0%| F|  |TAMS 0x00000000e5300000| PB 0x00000000e5300000| Untracked |  0
|  84|0x00000000e5400000, 0x00000000e5400000, 0x00000000e5500000|  0%| F|  |TAMS 0x00000000e5400000| PB 0x00000000e5400000| Untracked |  0
|  85|0x00000000e5500000, 0x00000000e5500000, 0x00000000e5600000|  0%| F|  |TAMS 0x00000000e5500000| PB 0x00000000e5500000| Untracked |  0
|  86|0x00000000e5600000, 0x00000000e5600000, 0x00000000e5700000|  0%| F|  |TAMS 0x00000000e5600000| PB 0x00000000e5600000| Untracked |  0
|  87|0x00000000e5700000, 0x00000000e5700000, 0x00000000e5800000|  0%| F|  |TAMS 0x00000000e5700000| PB 0x00000000e5700000| Untracked |  0
|  88|0x00000000e5800000, 0x00000000e5800000, 0x00000000e5900000|  0%| F|  |TAMS 0x00000000e5800000| PB 0x00000000e5800000| Untracked |  0
|  89|0x00000000e5900000, 0x00000000e5900000, 0x00000000e5a00000|  0%| F|  |TAMS 0x00000000e5900000| PB 0x00000000e5900000| Untracked |  0
|  90|0x00000000e5a00000, 0x00000000e5a00000, 0x00000000e5b00000|  0%| F|  |TAMS 0x00000000e5a00000| PB 0x00000000e5a00000| Untracked |  0
|  91|0x00000000e5b00000, 0x00000000e5b00000, 0x00000000e5c00000|  0%| F|  |TAMS 0x00000000e5b00000| PB 0x00000000e5b00000| Untracked |  0
|  92|0x00000000e5c00000, 0x00000000e5c00000, 0x00000000e5d00000|  0%| F|  |TAMS 0x00000000e5c00000| PB 0x00000000e5c00000| Untracked |  0
|  93|0x00000000e5d00000, 0x00000000e5d00000, 0x00000000e5e00000|  0%| F|  |TAMS 0x00000000e5d00000| PB 0x00000000e5d00000| Untracked |  0
|  94|0x00000000e5e00000, 0x00000000e5e00000, 0x00000000e5f00000|  0%| F|  |TAMS 0x00000000e5e00000| PB 0x00000000e5e00000| Untracked |  0
|  95|0x00000000e5f00000, 0x00000000e5f00000, 0x00000000e6000000|  0%| F|  |TAMS 0x00000000e5f00000| PB 0x00000000e5f00000| Untracked |  0
|  96|0x00000000e6000000, 0x00000000e6000000, 0x00000000e6100000|  0%| F|  |TAMS 0x00000000e6000000| PB 0x00000000e6000000| Untracked |  0
|  97|0x00000000e6100000, 0x00000000e6100000, 0x00000000e6200000|  0%| F|  |TAMS 0x00000000e6100000| PB 0x00000000e6100000| Untracked |  0
|  98|0x00000000e6200000, 0x00000000e6200000, 0x00000000e6300000|  0%| F|  |TAMS 0x00000000e6200000| PB 0x00000000e6200000| Untracked |  0
|  99|0x00000000e6300000, 0x00000000e6300000, 0x00000000e6400000|  0%| F|  |TAMS 0x00000000e6300000| PB 0x00000000e6300000| Untracked |  0
| 100|0x00000000e6400000, 0x00000000e6400000, 0x00000000e6500000|  0%| F|  |TAMS 0x00000000e6400000| PB 0x00000000e6400000| Untracked |  0
| 101|0x00000000e6500000, 0x00000000e6500000, 0x00000000e6600000|  0%| F|  |TAMS 0x00000000e6500000| PB 0x00000000e6500000| Untracked |  0
| 102|0x00000000e6600000, 0x00000000e6600000, 0x00000000e6700000|  0%| F|  |TAMS 0x00000000e6600000| PB 0x00000000e6600000| Untracked |  0
| 103|0x00000000e6700000, 0x00000000e6700000, 0x00000000e6800000|  0%| F|  |TAMS 0x00000000e6700000| PB 0x00000000e6700000| Untracked |  0
| 104|0x00000000e6800000, 0x00000000e6800000, 0x00000000e6900000|  0%| F|  |TAMS 0x00000000e6800000| PB 0x00000000e6800000| Untracked |  0
| 105|0x00000000e6900000, 0x00000000e6900000, 0x00000000e6a00000|  0%| F|  |TAMS 0x00000000e6900000| PB 0x00000000e6900000| Untracked |  0
| 106|0x00000000e6a00000, 0x00000000e6a00000, 0x00000000e6b00000|  0%| F|  |TAMS 0x00000000e6a00000| PB 0x00000000e6a00000| Untracked |  0
| 107|0x00000000e6b00000, 0x00000000e6b00000, 0x00000000e6c00000|  0%| F|  |TAMS 0x00000000e6b00000| PB 0x00000000e6b00000| Untracked |  0
| 108|0x00000000e6c00000, 0x00000000e6c00000, 0x00000000e6d00000|  0%| F|  |TAMS 0x00000000e6c00000| PB 0x00000000e6c00000| Untracked |  0
| 109|0x00000000e6d00000, 0x00000000e6d00000, 0x00000000e6e00000|  0%| F|  |TAMS 0x00000000e6d00000| PB 0x00000000e6d00000| Untracked |  0
| 110|0x00000000e6e00000, 0x00000000e6e00000, 0x00000000e6f00000|  0%| F|  |TAMS 0x00000000e6e00000| PB 0x00000000e6e00000| Untracked |  0
| 111|0x00000000e6f00000, 0x00000000e6f00000, 0x00000000e7000000|  0%| F|  |TAMS 0x00000000e6f00000| PB 0x00000000e6f00000| Untracked |  0
| 112|0x00000000e7000000, 0x00000000e7000000, 0x00000000e7100000|  0%| F|  |TAMS 0x00000000e7000000| PB 0x00000000e7000000| Untracked |  0
| 113|0x00000000e7100000, 0x00000000e7100000, 0x00000000e7200000|  0%| F|  |TAMS 0x00000000e7100000| PB 0x00000000e7100000| Untracked |  0
| 114|0x00000000e7200000, 0x00000000e7200000, 0x00000000e7300000|  0%| F|  |TAMS 0x00000000e7200000| PB 0x00000000e7200000| Untracked |  0
| 115|0x00000000e7300000, 0x00000000e7300000, 0x00000000e7400000|  0%| F|  |TAMS 0x00000000e7300000| PB 0x00000000e7300000| Untracked |  0
| 116|0x00000000e7400000, 0x00000000e7400000, 0x00000000e7500000|  0%| F|  |TAMS 0x00000000e7400000| PB 0x00000000e7400000| Untracked |  0
| 117|0x00000000e7500000, 0x00000000e7500000, 0x00000000e7600000|  0%| F|  |TAMS 0x00000000e7500000| PB 0x00000000e7500000| Untracked |  0
| 118|0x00000000e7600000, 0x00000000e7600000, 0x00000000e7700000|  0%| F|  |TAMS 0x00000000e7600000| PB 0x00000000e7600000| Untracked |  0
| 119|0x00000000e7700000, 0x00000000e7700000, 0x00000000e7800000|  0%| F|  |TAMS 0x00000000e7700000| PB 0x00000000e7700000| Untracked |  0
| 120|0x00000000e7800000, 0x00000000e7800000, 0x00000000e7900000|  0%| F|  |TAMS 0x00000000e7800000| PB 0x00000000e7800000| Untracked |  0
| 121|0x00000000e7900000, 0x00000000e7900000, 0x00000000e7a00000|  0%| F|  |TAMS 0x00000000e7900000| PB 0x00000000e7900000| Untracked |  0
| 122|0x00000000e7a00000, 0x00000000e7a00000, 0x00000000e7b00000|  0%| F|  |TAMS 0x00000000e7a00000| PB 0x00000000e7a00000| Untracked |  0
| 123|0x00000000e7b00000, 0x00000000e7b00000, 0x00000000e7c00000|  0%| F|  |TAMS 0x00000000e7b00000| PB 0x00000000e7b00000| Untracked |  0
| 124|0x00000000e7c00000, 0x00000000e7c00000, 0x00000000e7d00000|  0%| F|  |TAMS 0x00000000e7c00000| PB 0x00000000e7c00000| Untracked |  0
| 125|0x00000000e7d00000, 0x00000000e7d00000, 0x00000000e7e00000|  0%| F|  |TAMS 0x00000000e7d00000| PB 0x00000000e7d00000| Untracked |  0
| 126|0x00000000e7e00000, 0x00000000e7e00000, 0x00000000e7f00000|  0%| F|  |TAMS 0x00000000e7e00000| PB 0x00000000e7e00000| Untracked |  0
| 127|0x00000000e7f00000, 0x00000000e7f00000, 0x00000000e8000000|  0%| F|  |TAMS 0x00000000e7f00000| PB 0x00000000e7f00000| Untracked |  0
| 128|0x00000000e8000000, 0x00000000e8000000, 0x00000000e8100000|  0%| F|  |TAMS 0x00000000e8000000| PB 0x00000000e8000000| Untracked |  0
| 129|0x00000000e8100000, 0x00000000e8100000, 0x00000000e8200000|  0%| F|  |TAMS 0x00000000e8100000| PB 0x00000000e8100000| Untracked |  0
| 130|0x00000000e8200000, 0x00000000e8200000, 0x00000000e8300000|  0%| F|  |TAMS 0x00000000e8200000| PB 0x00000000e8200000| Untracked |  0
| 131|0x00000000e8300000, 0x00000000e8300000, 0x00000000e8400000|  0%| F|  |TAMS 0x00000000e8300000| PB 0x00000000e8300000| Untracked |  0
| 132|0x00000000e8400000, 0x00000000e8400000, 0x00000000e8500000|  0%| F|  |TAMS 0x00000000e8400000| PB 0x00000000e8400000| Untracked |  0
| 133|0x00000000e8500000, 0x00000000e8500000, 0x00000000e8600000|  0%| F|  |TAMS 0x00000000e8500000| PB 0x00000000e8500000| Untracked |  0
| 134|0x00000000e8600000, 0x00000000e8600000, 0x00000000e8700000|  0%| F|  |TAMS 0x00000000e8600000| PB 0x00000000e8600000| Untracked |  0
| 135|0x00000000e8700000, 0x00000000e8700000, 0x00000000e8800000|  0%| F|  |TAMS 0x00000000e8700000| PB 0x00000000e8700000| Untracked |  0
| 136|0x00000000e8800000, 0x00000000e8800000, 0x00000000e8900000|  0%| F|  |TAMS 0x00000000e8800000| PB 0x00000000e8800000| Untracked |  0
| 137|0x00000000e8900000, 0x00000000e8900000, 0x00000000e8a00000|  0%| F|  |TAMS 0x00000000e8900000| PB 0x00000000e8900000| Untracked |  0
| 138|0x00000000e8a00000, 0x00000000e8a00000, 0x00000000e8b00000|  0%| F|  |TAMS 0x00000000e8a00000| PB 0x00000000e8a00000| Untracked |  0
| 139|0x00000000e8b00000, 0x00000000e8b00000, 0x00000000e8c00000|  0%| F|  |TAMS 0x00000000e8b00000| PB 0x00000000e8b00000| Untracked |  0
| 140|0x00000000e8c00000, 0x00000000e8c00000, 0x00000000e8d00000|  0%| F|  |TAMS 0x00000000e8c00000| PB 0x00000000e8c00000| Untracked |  0
| 141|0x00000000e8d00000, 0x00000000e8d00000, 0x00000000e8e00000|  0%| F|  |TAMS 0x00000000e8d00000| PB 0x00000000e8d00000| Untracked |  0
| 142|0x00000000e8e00000, 0x00000000e8e00000, 0x00000000e8f00000|  0%| F|  |TAMS 0x00000000e8e00000| PB 0x00000000e8e00000| Untracked |  0
| 143|0x00000000e8f00000, 0x00000000e8f00000, 0x00000000e9000000|  0%| F|  |TAMS 0x00000000e8f00000| PB 0x00000000e8f00000| Untracked |  0
| 144|0x00000000e9000000, 0x00000000e9000000, 0x00000000e9100000|  0%| F|  |TAMS 0x00000000e9000000| PB 0x00000000e9000000| Untracked |  0
| 145|0x00000000e9100000, 0x00000000e9100000, 0x00000000e9200000|  0%| F|  |TAMS 0x00000000e9100000| PB 0x00000000e9100000| Untracked |  0
| 146|0x00000000e9200000, 0x00000000e9200000, 0x00000000e9300000|  0%| F|  |TAMS 0x00000000e9200000| PB 0x00000000e9200000| Untracked |  0
| 147|0x00000000e9300000, 0x00000000e9300000, 0x00000000e9400000|  0%| F|  |TAMS 0x00000000e9300000| PB 0x00000000e9300000| Untracked |  0
| 148|0x00000000e9400000, 0x00000000e9400000, 0x00000000e9500000|  0%| F|  |TAMS 0x00000000e9400000| PB 0x00000000e9400000| Untracked |  0
| 149|0x00000000e9500000, 0x00000000e9500000, 0x00000000e9600000|  0%| F|  |TAMS 0x00000000e9500000| PB 0x00000000e9500000| Untracked |  0
| 150|0x00000000e9600000, 0x00000000e9600000, 0x00000000e9700000|  0%| F|  |TAMS 0x00000000e9600000| PB 0x00000000e9600000| Untracked |  0
| 151|0x00000000e9700000, 0x00000000e9700000, 0x00000000e9800000|  0%| F|  |TAMS 0x00000000e9700000| PB 0x00000000e9700000| Untracked |  0
| 152|0x00000000e9800000, 0x00000000e9800000, 0x00000000e9900000|  0%| F|  |TAMS 0x00000000e9800000| PB 0x00000000e9800000| Untracked |  0
| 153|0x00000000e9900000, 0x00000000e9900000, 0x00000000e9a00000|  0%| F|  |TAMS 0x00000000e9900000| PB 0x00000000e9900000| Untracked |  0
| 154|0x00000000e9a00000, 0x00000000e9a00000, 0x00000000e9b00000|  0%| F|  |TAMS 0x00000000e9a00000| PB 0x00000000e9a00000| Untracked |  0
| 155|0x00000000e9b00000, 0x00000000e9b00000, 0x00000000e9c00000|  0%| F|  |TAMS 0x00000000e9b00000| PB 0x00000000e9b00000| Untracked |  0
| 156|0x00000000e9c00000, 0x00000000e9c00000, 0x00000000e9d00000|  0%| F|  |TAMS 0x00000000e9c00000| PB 0x00000000e9c00000| Untracked |  0
| 157|0x00000000e9d00000, 0x00000000e9d00000, 0x00000000e9e00000|  0%| F|  |TAMS 0x00000000e9d00000| PB 0x00000000e9d00000| Untracked |  0
| 158|0x00000000e9e00000, 0x00000000e9e00000, 0x00000000e9f00000|  0%| F|  |TAMS 0x00000000e9e00000| PB 0x00000000e9e00000| Untracked |  0
| 159|0x00000000e9f00000, 0x00000000e9f00000, 0x00000000ea000000|  0%| F|  |TAMS 0x00000000e9f00000| PB 0x00000000e9f00000| Untracked |  0
| 160|0x00000000ea000000, 0x00000000ea000000, 0x00000000ea100000|  0%| F|  |TAMS 0x00000000ea000000| PB 0x00000000ea000000| Untracked |  0
| 161|0x00000000ea100000, 0x00000000ea100000, 0x00000000ea200000|  0%| F|  |TAMS 0x00000000ea100000| PB 0x00000000ea100000| Untracked |  0
| 162|0x00000000ea200000, 0x00000000ea200000, 0x00000000ea300000|  0%| F|  |TAMS 0x00000000ea200000| PB 0x00000000ea200000| Untracked |  0
| 163|0x00000000ea300000, 0x00000000ea300000, 0x00000000ea400000|  0%| F|  |TAMS 0x00000000ea300000| PB 0x00000000ea300000| Untracked |  0
| 164|0x00000000ea400000, 0x00000000ea400000, 0x00000000ea500000|  0%| F|  |TAMS 0x00000000ea400000| PB 0x00000000ea400000| Untracked |  0
| 165|0x00000000ea500000, 0x00000000ea500000, 0x00000000ea600000|  0%| F|  |TAMS 0x00000000ea500000| PB 0x00000000ea500000| Untracked |  0
| 166|0x00000000ea600000, 0x00000000ea600000, 0x00000000ea700000|  0%| F|  |TAMS 0x00000000ea600000| PB 0x00000000ea600000| Untracked |  0
| 167|0x00000000ea700000, 0x00000000ea700000, 0x00000000ea800000|  0%| F|  |TAMS 0x00000000ea700000| PB 0x00000000ea700000| Untracked |  0
| 168|0x00000000ea800000, 0x00000000ea800000, 0x00000000ea900000|  0%| F|  |TAMS 0x00000000ea800000| PB 0x00000000ea800000| Untracked |  0
| 169|0x00000000ea900000, 0x00000000ea900000, 0x00000000eaa00000|  0%| F|  |TAMS 0x00000000ea900000| PB 0x00000000ea900000| Untracked |  0
| 170|0x00000000eaa00000, 0x00000000eaa00000, 0x00000000eab00000|  0%| F|  |TAMS 0x00000000eaa00000| PB 0x00000000eaa00000| Untracked |  0
| 171|0x00000000eab00000, 0x00000000eab00000, 0x00000000eac00000|  0%| F|  |TAMS 0x00000000eab00000| PB 0x00000000eab00000| Untracked |  0
| 172|0x00000000eac00000, 0x00000000eac00000, 0x00000000ead00000|  0%| F|  |TAMS 0x00000000eac00000| PB 0x00000000eac00000| Untracked |  0
| 173|0x00000000ead00000, 0x00000000ead00000, 0x00000000eae00000|  0%| F|  |TAMS 0x00000000ead00000| PB 0x00000000ead00000| Untracked |  0
| 174|0x00000000eae00000, 0x00000000eae00000, 0x00000000eaf00000|  0%| F|  |TAMS 0x00000000eae00000| PB 0x00000000eae00000| Untracked |  0
| 175|0x00000000eaf00000, 0x00000000eaf00000, 0x00000000eb000000|  0%| F|  |TAMS 0x00000000eaf00000| PB 0x00000000eaf00000| Untracked |  0
| 176|0x00000000eb000000, 0x00000000eb000000, 0x00000000eb100000|  0%| F|  |TAMS 0x00000000eb000000| PB 0x00000000eb000000| Untracked |  0
| 177|0x00000000eb100000, 0x00000000eb100000, 0x00000000eb200000|  0%| F|  |TAMS 0x00000000eb100000| PB 0x00000000eb100000| Untracked |  0
| 178|0x00000000eb200000, 0x00000000eb200000, 0x00000000eb300000|  0%| F|  |TAMS 0x00000000eb200000| PB 0x00000000eb200000| Untracked |  0
| 179|0x00000000eb300000, 0x00000000eb300000, 0x00000000eb400000|  0%| F|  |TAMS 0x00000000eb300000| PB 0x00000000eb300000| Untracked |  0
| 180|0x00000000eb400000, 0x00000000eb400000, 0x00000000eb500000|  0%| F|  |TAMS 0x00000000eb400000| PB 0x00000000eb400000| Untracked |  0
| 181|0x00000000eb500000, 0x00000000eb500000, 0x00000000eb600000|  0%| F|  |TAMS 0x00000000eb500000| PB 0x00000000eb500000| Untracked |  0
| 182|0x00000000eb600000, 0x00000000eb600000, 0x00000000eb700000|  0%| F|  |TAMS 0x00000000eb600000| PB 0x00000000eb600000| Untracked |  0
| 183|0x00000000eb700000, 0x00000000eb700000, 0x00000000eb800000|  0%| F|  |TAMS 0x00000000eb700000| PB 0x00000000eb700000| Untracked |  0
| 184|0x00000000eb800000, 0x00000000eb800000, 0x00000000eb900000|  0%| F|  |TAMS 0x00000000eb800000| PB 0x00000000eb800000| Untracked |  0
| 185|0x00000000eb900000, 0x00000000eb900000, 0x00000000eba00000|  0%| F|  |TAMS 0x00000000eb900000| PB 0x00000000eb900000| Untracked |  0
| 186|0x00000000eba00000, 0x00000000eba00000, 0x00000000ebb00000|  0%| F|  |TAMS 0x00000000eba00000| PB 0x00000000eba00000| Untracked |  0
| 187|0x00000000ebb00000, 0x00000000ebb00000, 0x00000000ebc00000|  0%| F|  |TAMS 0x00000000ebb00000| PB 0x00000000ebb00000| Untracked |  0
| 188|0x00000000ebc00000, 0x00000000ebc00000, 0x00000000ebd00000|  0%| F|  |TAMS 0x00000000ebc00000| PB 0x00000000ebc00000| Untracked |  0
| 189|0x00000000ebd00000, 0x00000000ebd00000, 0x00000000ebe00000|  0%| F|  |TAMS 0x00000000ebd00000| PB 0x00000000ebd00000| Untracked |  0
| 190|0x00000000ebe00000, 0x00000000ebe00000, 0x00000000ebf00000|  0%| F|  |TAMS 0x00000000ebe00000| PB 0x00000000ebe00000| Untracked |  0
| 191|0x00000000ebf00000, 0x00000000ebf00000, 0x00000000ec000000|  0%| F|  |TAMS 0x00000000ebf00000| PB 0x00000000ebf00000| Untracked |  0
| 192|0x00000000ec000000, 0x00000000ec000000, 0x00000000ec100000|  0%| F|  |TAMS 0x00000000ec000000| PB 0x00000000ec000000| Untracked |  0
| 193|0x00000000ec100000, 0x00000000ec100000, 0x00000000ec200000|  0%| F|  |TAMS 0x00000000ec100000| PB 0x00000000ec100000| Untracked |  0
| 194|0x00000000ec200000, 0x00000000ec200000, 0x00000000ec300000|  0%| F|  |TAMS 0x00000000ec200000| PB 0x00000000ec200000| Untracked |  0
| 195|0x00000000ec300000, 0x00000000ec300000, 0x00000000ec400000|  0%| F|  |TAMS 0x00000000ec300000| PB 0x00000000ec300000| Untracked |  0
| 196|0x00000000ec400000, 0x00000000ec400000, 0x00000000ec500000|  0%| F|  |TAMS 0x00000000ec400000| PB 0x00000000ec400000| Untracked |  0
| 197|0x00000000ec500000, 0x00000000ec500000, 0x00000000ec600000|  0%| F|  |TAMS 0x00000000ec500000| PB 0x00000000ec500000| Untracked |  0
| 198|0x00000000ec600000, 0x00000000ec600000, 0x00000000ec700000|  0%| F|  |TAMS 0x00000000ec600000| PB 0x00000000ec600000| Untracked |  0
| 199|0x00000000ec700000, 0x00000000ec700000, 0x00000000ec800000|  0%| F|  |TAMS 0x00000000ec700000| PB 0x00000000ec700000| Untracked |  0
| 200|0x00000000ec800000, 0x00000000ec800000, 0x00000000ec900000|  0%| F|  |TAMS 0x00000000ec800000| PB 0x00000000ec800000| Untracked |  0
| 201|0x00000000ec900000, 0x00000000ec900000, 0x00000000eca00000|  0%| F|  |TAMS 0x00000000ec900000| PB 0x00000000ec900000| Untracked |  0
| 202|0x00000000eca00000, 0x00000000eca00000, 0x00000000ecb00000|  0%| F|  |TAMS 0x00000000eca00000| PB 0x00000000eca00000| Untracked |  0
| 203|0x00000000ecb00000, 0x00000000ecb00000, 0x00000000ecc00000|  0%| F|  |TAMS 0x00000000ecb00000| PB 0x00000000ecb00000| Untracked |  0
| 204|0x00000000ecc00000, 0x00000000ecc00000, 0x00000000ecd00000|  0%| F|  |TAMS 0x00000000ecc00000| PB 0x00000000ecc00000| Untracked |  0
| 205|0x00000000ecd00000, 0x00000000ecd00000, 0x00000000ece00000|  0%| F|  |TAMS 0x00000000ecd00000| PB 0x00000000ecd00000| Untracked |  0
| 206|0x00000000ece00000, 0x00000000ece00000, 0x00000000ecf00000|  0%| F|  |TAMS 0x00000000ece00000| PB 0x00000000ece00000| Untracked |  0
| 207|0x00000000ecf00000, 0x00000000ecf00000, 0x00000000ed000000|  0%| F|  |TAMS 0x00000000ecf00000| PB 0x00000000ecf00000| Untracked |  0
| 208|0x00000000ed000000, 0x00000000ed000000, 0x00000000ed100000|  0%| F|  |TAMS 0x00000000ed000000| PB 0x00000000ed000000| Untracked |  0
| 209|0x00000000ed100000, 0x00000000ed100000, 0x00000000ed200000|  0%| F|  |TAMS 0x00000000ed100000| PB 0x00000000ed100000| Untracked |  0
| 210|0x00000000ed200000, 0x00000000ed200000, 0x00000000ed300000|  0%| F|  |TAMS 0x00000000ed200000| PB 0x00000000ed200000| Untracked |  0
| 211|0x00000000ed300000, 0x00000000ed300000, 0x00000000ed400000|  0%| F|  |TAMS 0x00000000ed300000| PB 0x00000000ed300000| Untracked |  0
| 212|0x00000000ed400000, 0x00000000ed400000, 0x00000000ed500000|  0%| F|  |TAMS 0x00000000ed400000| PB 0x00000000ed400000| Untracked |  0
| 213|0x00000000ed500000, 0x00000000ed500000, 0x00000000ed600000|  0%| F|  |TAMS 0x00000000ed500000| PB 0x00000000ed500000| Untracked |  0
| 214|0x00000000ed600000, 0x00000000ed600000, 0x00000000ed700000|  0%| F|  |TAMS 0x00000000ed600000| PB 0x00000000ed600000| Untracked |  0
| 215|0x00000000ed700000, 0x00000000ed700000, 0x00000000ed800000|  0%| F|  |TAMS 0x00000000ed700000| PB 0x00000000ed700000| Untracked |  0
| 216|0x00000000ed800000, 0x00000000ed800000, 0x00000000ed900000|  0%| F|  |TAMS 0x00000000ed800000| PB 0x00000000ed800000| Untracked |  0
| 217|0x00000000ed900000, 0x00000000ed900000, 0x00000000eda00000|  0%| F|  |TAMS 0x00000000ed900000| PB 0x00000000ed900000| Untracked |  0
| 218|0x00000000eda00000, 0x00000000eda00000, 0x00000000edb00000|  0%| F|  |TAMS 0x00000000eda00000| PB 0x00000000eda00000| Untracked |  0
| 219|0x00000000edb00000, 0x00000000edb00000, 0x00000000edc00000|  0%| F|  |TAMS 0x00000000edb00000| PB 0x00000000edb00000| Untracked |  0
| 220|0x00000000edc00000, 0x00000000edc00000, 0x00000000edd00000|  0%| F|  |TAMS 0x00000000edc00000| PB 0x00000000edc00000| Untracked |  0
| 221|0x00000000edd00000, 0x00000000edd00000, 0x00000000ede00000|  0%| F|  |TAMS 0x00000000edd00000| PB 0x00000000edd00000| Untracked |  0
| 222|0x00000000ede00000, 0x00000000ede00000, 0x00000000edf00000|  0%| F|  |TAMS 0x00000000ede00000| PB 0x00000000ede00000| Untracked |  0
| 223|0x00000000edf00000, 0x00000000edf00000, 0x00000000ee000000|  0%| F|  |TAMS 0x00000000edf00000| PB 0x00000000edf00000| Untracked |  0
| 224|0x00000000ee000000, 0x00000000ee000000, 0x00000000ee100000|  0%| F|  |TAMS 0x00000000ee000000| PB 0x00000000ee000000| Untracked |  0
| 225|0x00000000ee100000, 0x00000000ee100000, 0x00000000ee200000|  0%| F|  |TAMS 0x00000000ee100000| PB 0x00000000ee100000| Untracked |  0
| 226|0x00000000ee200000, 0x00000000ee200000, 0x00000000ee300000|  0%| F|  |TAMS 0x00000000ee200000| PB 0x00000000ee200000| Untracked |  0
| 227|0x00000000ee300000, 0x00000000ee300000, 0x00000000ee400000|  0%| F|  |TAMS 0x00000000ee300000| PB 0x00000000ee300000| Untracked |  0
| 228|0x00000000ee400000, 0x00000000ee400000, 0x00000000ee500000|  0%| F|  |TAMS 0x00000000ee400000| PB 0x00000000ee400000| Untracked |  0
| 229|0x00000000ee500000, 0x00000000ee500000, 0x00000000ee600000|  0%| F|  |TAMS 0x00000000ee500000| PB 0x00000000ee500000| Untracked |  0
| 230|0x00000000ee600000, 0x00000000ee600000, 0x00000000ee700000|  0%| F|  |TAMS 0x00000000ee600000| PB 0x00000000ee600000| Untracked |  0
| 231|0x00000000ee700000, 0x00000000ee700000, 0x00000000ee800000|  0%| F|  |TAMS 0x00000000ee700000| PB 0x00000000ee700000| Untracked |  0
| 232|0x00000000ee800000, 0x00000000ee800000, 0x00000000ee900000|  0%| F|  |TAMS 0x00000000ee800000| PB 0x00000000ee800000| Untracked |  0
| 233|0x00000000ee900000, 0x00000000ee900000, 0x00000000eea00000|  0%| F|  |TAMS 0x00000000ee900000| PB 0x00000000ee900000| Untracked |  0
| 234|0x00000000eea00000, 0x00000000eea00000, 0x00000000eeb00000|  0%| F|  |TAMS 0x00000000eea00000| PB 0x00000000eea00000| Untracked |  0
| 235|0x00000000eeb00000, 0x00000000eeb00000, 0x00000000eec00000|  0%| F|  |TAMS 0x00000000eeb00000| PB 0x00000000eeb00000| Untracked |  0
| 236|0x00000000eec00000, 0x00000000eec00000, 0x00000000eed00000|  0%| F|  |TAMS 0x00000000eec00000| PB 0x00000000eec00000| Untracked |  0
| 237|0x00000000eed00000, 0x00000000eed00000, 0x00000000eee00000|  0%| F|  |TAMS 0x00000000eed00000| PB 0x00000000eed00000| Untracked |  0
| 238|0x00000000eee00000, 0x00000000eee00000, 0x00000000eef00000|  0%| F|  |TAMS 0x00000000eee00000| PB 0x00000000eee00000| Untracked |  0
| 239|0x00000000eef00000, 0x00000000eef00000, 0x00000000ef000000|  0%| F|  |TAMS 0x00000000eef00000| PB 0x00000000eef00000| Untracked |  0
| 240|0x00000000ef000000, 0x00000000ef000000, 0x00000000ef100000|  0%| F|  |TAMS 0x00000000ef000000| PB 0x00000000ef000000| Untracked |  0
| 241|0x00000000ef100000, 0x00000000ef100000, 0x00000000ef200000|  0%| F|  |TAMS 0x00000000ef100000| PB 0x00000000ef100000| Untracked |  0
| 242|0x00000000ef200000, 0x00000000ef200000, 0x00000000ef300000|  0%| F|  |TAMS 0x00000000ef200000| PB 0x00000000ef200000| Untracked |  0
| 243|0x00000000ef300000, 0x00000000ef300000, 0x00000000ef400000|  0%| F|  |TAMS 0x00000000ef300000| PB 0x00000000ef300000| Untracked |  0
| 244|0x00000000ef400000, 0x00000000ef400000, 0x00000000ef500000|  0%| F|  |TAMS 0x00000000ef400000| PB 0x00000000ef400000| Untracked |  0
| 245|0x00000000ef500000, 0x00000000ef500000, 0x00000000ef600000|  0%| F|  |TAMS 0x00000000ef500000| PB 0x00000000ef500000| Untracked |  0
| 246|0x00000000ef600000, 0x00000000ef600000, 0x00000000ef700000|  0%| F|  |TAMS 0x00000000ef600000| PB 0x00000000ef600000| Untracked |  0
| 247|0x00000000ef700000, 0x00000000ef700000, 0x00000000ef800000|  0%| F|  |TAMS 0x00000000ef700000| PB 0x00000000ef700000| Untracked |  0
| 248|0x00000000ef800000, 0x00000000ef800000, 0x00000000ef900000|  0%| F|  |TAMS 0x00000000ef800000| PB 0x00000000ef800000| Untracked |  0
| 249|0x00000000ef900000, 0x00000000ef900000, 0x00000000efa00000|  0%| F|  |TAMS 0x00000000ef900000| PB 0x00000000ef900000| Untracked |  0
| 250|0x00000000efa00000, 0x00000000efa00000, 0x00000000efb00000|  0%| F|  |TAMS 0x00000000efa00000| PB 0x00000000efa00000| Untracked |  0
| 251|0x00000000efb00000, 0x00000000efb00000, 0x00000000efc00000|  0%| F|  |TAMS 0x00000000efb00000| PB 0x00000000efb00000| Untracked |  0
| 252|0x00000000efc00000, 0x00000000efc00000, 0x00000000efd00000|  0%| F|  |TAMS 0x00000000efc00000| PB 0x00000000efc00000| Untracked |  0
| 253|0x00000000efd00000, 0x00000000efd00000, 0x00000000efe00000|  0%| F|  |TAMS 0x00000000efd00000| PB 0x00000000efd00000| Untracked |  0
| 254|0x00000000efe00000, 0x00000000efe00000, 0x00000000eff00000|  0%| F|  |TAMS 0x00000000efe00000| PB 0x00000000efe00000| Untracked |  0
| 255|0x00000000eff00000, 0x00000000eff00000, 0x00000000f0000000|  0%| F|  |TAMS 0x00000000eff00000| PB 0x00000000eff00000| Untracked |  0
| 256|0x00000000f0000000, 0x00000000f0000000, 0x00000000f0100000|  0%| F|  |TAMS 0x00000000f0000000| PB 0x00000000f0000000| Untracked |  0
| 257|0x00000000f0100000, 0x00000000f0100000, 0x00000000f0200000|  0%| F|  |TAMS 0x00000000f0100000| PB 0x00000000f0100000| Untracked |  0
| 258|0x00000000f0200000, 0x00000000f0200000, 0x00000000f0300000|  0%| F|  |TAMS 0x00000000f0200000| PB 0x00000000f0200000| Untracked |  0
| 259|0x00000000f0300000, 0x00000000f0300000, 0x00000000f0400000|  0%| F|  |TAMS 0x00000000f0300000| PB 0x00000000f0300000| Untracked |  0
| 260|0x00000000f0400000, 0x00000000f0400000, 0x00000000f0500000|  0%| F|  |TAMS 0x00000000f0400000| PB 0x00000000f0400000| Untracked |  0
| 261|0x00000000f0500000, 0x00000000f0500000, 0x00000000f0600000|  0%| F|  |TAMS 0x00000000f0500000| PB 0x00000000f0500000| Untracked |  0
| 262|0x00000000f0600000, 0x00000000f0600000, 0x00000000f0700000|  0%| F|  |TAMS 0x00000000f0600000| PB 0x00000000f0600000| Untracked |  0
| 263|0x00000000f0700000, 0x00000000f0700000, 0x00000000f0800000|  0%| F|  |TAMS 0x00000000f0700000| PB 0x00000000f0700000| Untracked |  0
| 264|0x00000000f0800000, 0x00000000f0800000, 0x00000000f0900000|  0%| F|  |TAMS 0x00000000f0800000| PB 0x00000000f0800000| Untracked |  0
| 265|0x00000000f0900000, 0x00000000f0900000, 0x00000000f0a00000|  0%| F|  |TAMS 0x00000000f0900000| PB 0x00000000f0900000| Untracked |  0
| 266|0x00000000f0a00000, 0x00000000f0a00000, 0x00000000f0b00000|  0%| F|  |TAMS 0x00000000f0a00000| PB 0x00000000f0a00000| Untracked |  0
| 267|0x00000000f0b00000, 0x00000000f0b00000, 0x00000000f0c00000|  0%| F|  |TAMS 0x00000000f0b00000| PB 0x00000000f0b00000| Untracked |  0
| 268|0x00000000f0c00000, 0x00000000f0c00000, 0x00000000f0d00000|  0%| F|  |TAMS 0x00000000f0c00000| PB 0x00000000f0c00000| Untracked |  0
| 269|0x00000000f0d00000, 0x00000000f0d00000, 0x00000000f0e00000|  0%| F|  |TAMS 0x00000000f0d00000| PB 0x00000000f0d00000| Untracked |  0
| 270|0x00000000f0e00000, 0x00000000f0e00000, 0x00000000f0f00000|  0%| F|  |TAMS 0x00000000f0e00000| PB 0x00000000f0e00000| Untracked |  0
| 271|0x00000000f0f00000, 0x00000000f0f00000, 0x00000000f1000000|  0%| F|  |TAMS 0x00000000f0f00000| PB 0x00000000f0f00000| Untracked |  0
| 272|0x00000000f1000000, 0x00000000f1000000, 0x00000000f1100000|  0%| F|  |TAMS 0x00000000f1000000| PB 0x00000000f1000000| Untracked |  0
| 273|0x00000000f1100000, 0x00000000f1100000, 0x00000000f1200000|  0%| F|  |TAMS 0x00000000f1100000| PB 0x00000000f1100000| Untracked |  0
| 274|0x00000000f1200000, 0x00000000f1200000, 0x00000000f1300000|  0%| F|  |TAMS 0x00000000f1200000| PB 0x00000000f1200000| Untracked |  0
| 275|0x00000000f1300000, 0x00000000f1300000, 0x00000000f1400000|  0%| F|  |TAMS 0x00000000f1300000| PB 0x00000000f1300000| Untracked |  0
| 276|0x00000000f1400000, 0x00000000f1400000, 0x00000000f1500000|  0%| F|  |TAMS 0x00000000f1400000| PB 0x00000000f1400000| Untracked |  0
| 277|0x00000000f1500000, 0x00000000f1500000, 0x00000000f1600000|  0%| F|  |TAMS 0x00000000f1500000| PB 0x00000000f1500000| Untracked |  0
| 278|0x00000000f1600000, 0x00000000f1600000, 0x00000000f1700000|  0%| F|  |TAMS 0x00000000f1600000| PB 0x00000000f1600000| Untracked |  0
| 279|0x00000000f1700000, 0x00000000f1700000, 0x00000000f1800000|  0%| F|  |TAMS 0x00000000f1700000| PB 0x00000000f1700000| Untracked |  0
| 280|0x00000000f1800000, 0x00000000f1800000, 0x00000000f1900000|  0%| F|  |TAMS 0x00000000f1800000| PB 0x00000000f1800000| Untracked |  0
| 281|0x00000000f1900000, 0x00000000f1900000, 0x00000000f1a00000|  0%| F|  |TAMS 0x00000000f1900000| PB 0x00000000f1900000| Untracked |  0
| 282|0x00000000f1a00000, 0x00000000f1a00000, 0x00000000f1b00000|  0%| F|  |TAMS 0x00000000f1a00000| PB 0x00000000f1a00000| Untracked |  0
| 283|0x00000000f1b00000, 0x00000000f1b00000, 0x00000000f1c00000|  0%| F|  |TAMS 0x00000000f1b00000| PB 0x00000000f1b00000| Untracked |  0
| 284|0x00000000f1c00000, 0x00000000f1c00000, 0x00000000f1d00000|  0%| F|  |TAMS 0x00000000f1c00000| PB 0x00000000f1c00000| Untracked |  0
| 285|0x00000000f1d00000, 0x00000000f1d00000, 0x00000000f1e00000|  0%| F|  |TAMS 0x00000000f1d00000| PB 0x00000000f1d00000| Untracked |  0
| 286|0x00000000f1e00000, 0x00000000f1e00000, 0x00000000f1f00000|  0%| F|  |TAMS 0x00000000f1e00000| PB 0x00000000f1e00000| Untracked |  0
| 287|0x00000000f1f00000, 0x00000000f1f00000, 0x00000000f2000000|  0%| F|  |TAMS 0x00000000f1f00000| PB 0x00000000f1f00000| Untracked |  0
| 288|0x00000000f2000000, 0x00000000f2000000, 0x00000000f2100000|  0%| F|  |TAMS 0x00000000f2000000| PB 0x00000000f2000000| Untracked |  0
| 289|0x00000000f2100000, 0x00000000f2100000, 0x00000000f2200000|  0%| F|  |TAMS 0x00000000f2100000| PB 0x00000000f2100000| Untracked |  0
| 290|0x00000000f2200000, 0x00000000f2200000, 0x00000000f2300000|  0%| F|  |TAMS 0x00000000f2200000| PB 0x00000000f2200000| Untracked |  0
| 291|0x00000000f2300000, 0x00000000f2300000, 0x00000000f2400000|  0%| F|  |TAMS 0x00000000f2300000| PB 0x00000000f2300000| Untracked |  0
| 292|0x00000000f2400000, 0x00000000f2400000, 0x00000000f2500000|  0%| F|  |TAMS 0x00000000f2400000| PB 0x00000000f2400000| Untracked |  0
| 293|0x00000000f2500000, 0x00000000f2500000, 0x00000000f2600000|  0%| F|  |TAMS 0x00000000f2500000| PB 0x00000000f2500000| Untracked |  0
| 294|0x00000000f2600000, 0x00000000f2600000, 0x00000000f2700000|  0%| F|  |TAMS 0x00000000f2600000| PB 0x00000000f2600000| Untracked |  0
| 295|0x00000000f2700000, 0x00000000f2700000, 0x00000000f2800000|  0%| F|  |TAMS 0x00000000f2700000| PB 0x00000000f2700000| Untracked |  0
| 296|0x00000000f2800000, 0x00000000f2800000, 0x00000000f2900000|  0%| F|  |TAMS 0x00000000f2800000| PB 0x00000000f2800000| Untracked |  0
| 297|0x00000000f2900000, 0x00000000f2900000, 0x00000000f2a00000|  0%| F|  |TAMS 0x00000000f2900000| PB 0x00000000f2900000| Untracked |  0
| 298|0x00000000f2a00000, 0x00000000f2a00000, 0x00000000f2b00000|  0%| F|  |TAMS 0x00000000f2a00000| PB 0x00000000f2a00000| Untracked |  0
| 299|0x00000000f2b00000, 0x00000000f2b00000, 0x00000000f2c00000|  0%| F|  |TAMS 0x00000000f2b00000| PB 0x00000000f2b00000| Untracked |  0
| 300|0x00000000f2c00000, 0x00000000f2c00000, 0x00000000f2d00000|  0%| F|  |TAMS 0x00000000f2c00000| PB 0x00000000f2c00000| Untracked |  0
| 301|0x00000000f2d00000, 0x00000000f2d00000, 0x00000000f2e00000|  0%| F|  |TAMS 0x00000000f2d00000| PB 0x00000000f2d00000| Untracked |  0
| 302|0x00000000f2e00000, 0x00000000f2e00000, 0x00000000f2f00000|  0%| F|  |TAMS 0x00000000f2e00000| PB 0x00000000f2e00000| Untracked |  0
| 303|0x00000000f2f00000, 0x00000000f2f00000, 0x00000000f3000000|  0%| F|  |TAMS 0x00000000f2f00000| PB 0x00000000f2f00000| Untracked |  0
| 304|0x00000000f3000000, 0x00000000f3000000, 0x00000000f3100000|  0%| F|  |TAMS 0x00000000f3000000| PB 0x00000000f3000000| Untracked |  0
| 305|0x00000000f3100000, 0x00000000f3100000, 0x00000000f3200000|  0%| F|  |TAMS 0x00000000f3100000| PB 0x00000000f3100000| Untracked |  0
| 306|0x00000000f3200000, 0x00000000f3200000, 0x00000000f3300000|  0%| F|  |TAMS 0x00000000f3200000| PB 0x00000000f3200000| Untracked |  0
| 307|0x00000000f3300000, 0x00000000f3300000, 0x00000000f3400000|  0%| F|  |TAMS 0x00000000f3300000| PB 0x00000000f3300000| Untracked |  0
| 308|0x00000000f3400000, 0x00000000f3400000, 0x00000000f3500000|  0%| F|  |TAMS 0x00000000f3400000| PB 0x00000000f3400000| Untracked |  0
| 309|0x00000000f3500000, 0x00000000f3500000, 0x00000000f3600000|  0%| F|  |TAMS 0x00000000f3500000| PB 0x00000000f3500000| Untracked |  0
| 310|0x00000000f3600000, 0x00000000f3600000, 0x00000000f3700000|  0%| F|  |TAMS 0x00000000f3600000| PB 0x00000000f3600000| Untracked |  0
| 311|0x00000000f3700000, 0x00000000f3700000, 0x00000000f3800000|  0%| F|  |TAMS 0x00000000f3700000| PB 0x00000000f3700000| Untracked |  0
| 312|0x00000000f3800000, 0x00000000f3800000, 0x00000000f3900000|  0%| F|  |TAMS 0x00000000f3800000| PB 0x00000000f3800000| Untracked |  0
| 313|0x00000000f3900000, 0x00000000f3900000, 0x00000000f3a00000|  0%| F|  |TAMS 0x00000000f3900000| PB 0x00000000f3900000| Untracked |  0
| 314|0x00000000f3a00000, 0x00000000f3a00000, 0x00000000f3b00000|  0%| F|  |TAMS 0x00000000f3a00000| PB 0x00000000f3a00000| Untracked |  0
| 315|0x00000000f3b00000, 0x00000000f3b00000, 0x00000000f3c00000|  0%| F|  |TAMS 0x00000000f3b00000| PB 0x00000000f3b00000| Untracked |  0
| 316|0x00000000f3c00000, 0x00000000f3c00000, 0x00000000f3d00000|  0%| F|  |TAMS 0x00000000f3c00000| PB 0x00000000f3c00000| Untracked |  0
| 317|0x00000000f3d00000, 0x00000000f3d00000, 0x00000000f3e00000|  0%| F|  |TAMS 0x00000000f3d00000| PB 0x00000000f3d00000| Untracked |  0
| 318|0x00000000f3e00000, 0x00000000f3e00000, 0x00000000f3f00000|  0%| F|  |TAMS 0x00000000f3e00000| PB 0x00000000f3e00000| Untracked |  0
| 319|0x00000000f3f00000, 0x00000000f3fa0000, 0x00000000f4000000| 62%| S|CS|TAMS 0x00000000f3f00000| PB 0x00000000f3f00000| Complete |  0
| 320|0x00000000f4000000, 0x00000000f4100000, 0x00000000f4100000|100%| S|CS|TAMS 0x00000000f4000000| PB 0x00000000f4000000| Complete |  0
| 321|0x00000000f4100000, 0x00000000f4200000, 0x00000000f4200000|100%| S|CS|TAMS 0x00000000f4100000| PB 0x00000000f4100000| Complete |  0
| 322|0x00000000f4200000, 0x00000000f4300000, 0x00000000f4300000|100%| S|CS|TAMS 0x00000000f4200000| PB 0x00000000f4200000| Complete |  0
| 323|0x00000000f4300000, 0x00000000f4400000, 0x00000000f4400000|100%| S|CS|TAMS 0x00000000f4300000| PB 0x00000000f4300000| Complete |  0
| 324|0x00000000f4400000, 0x00000000f4500000, 0x00000000f4500000|100%| S|CS|TAMS 0x00000000f4400000| PB 0x00000000f4400000| Complete |  0
| 325|0x00000000f4500000, 0x00000000f4500000, 0x00000000f4600000|  0%| F|  |TAMS 0x00000000f4500000| PB 0x00000000f4500000| Untracked |  0
| 326|0x00000000f4600000, 0x00000000f4600000, 0x00000000f4700000|  0%| F|  |TAMS 0x00000000f4600000| PB 0x00000000f4600000| Untracked |  0
| 327|0x00000000f4700000, 0x00000000f4700000, 0x00000000f4800000|  0%| F|  |TAMS 0x00000000f4700000| PB 0x00000000f4700000| Untracked |  0
| 328|0x00000000f4800000, 0x00000000f4800000, 0x00000000f4900000|  0%| F|  |TAMS 0x00000000f4800000| PB 0x00000000f4800000| Untracked |  0
| 329|0x00000000f4900000, 0x00000000f4900000, 0x00000000f4a00000|  0%| F|  |TAMS 0x00000000f4900000| PB 0x00000000f4900000| Untracked |  0
| 330|0x00000000f4a00000, 0x00000000f4a00000, 0x00000000f4b00000|  0%| F|  |TAMS 0x00000000f4a00000| PB 0x00000000f4a00000| Untracked |  0
| 331|0x00000000f4b00000, 0x00000000f4b00000, 0x00000000f4c00000|  0%| F|  |TAMS 0x00000000f4b00000| PB 0x00000000f4b00000| Untracked |  0
| 332|0x00000000f4c00000, 0x00000000f4c00000, 0x00000000f4d00000|  0%| F|  |TAMS 0x00000000f4c00000| PB 0x00000000f4c00000| Untracked |  0
| 333|0x00000000f4d00000, 0x00000000f4d00000, 0x00000000f4e00000|  0%| F|  |TAMS 0x00000000f4d00000| PB 0x00000000f4d00000| Untracked |  0
| 334|0x00000000f4e00000, 0x00000000f4e00000, 0x00000000f4f00000|  0%| F|  |TAMS 0x00000000f4e00000| PB 0x00000000f4e00000| Untracked |  0
| 335|0x00000000f4f00000, 0x00000000f4f00000, 0x00000000f5000000|  0%| F|  |TAMS 0x00000000f4f00000| PB 0x00000000f4f00000| Untracked |  0
| 336|0x00000000f5000000, 0x00000000f5000000, 0x00000000f5100000|  0%| F|  |TAMS 0x00000000f5000000| PB 0x00000000f5000000| Untracked |  0
| 337|0x00000000f5100000, 0x00000000f5100000, 0x00000000f5200000|  0%| F|  |TAMS 0x00000000f5100000| PB 0x00000000f5100000| Untracked |  0
| 338|0x00000000f5200000, 0x00000000f5200000, 0x00000000f5300000|  0%| F|  |TAMS 0x00000000f5200000| PB 0x00000000f5200000| Untracked |  0
| 339|0x00000000f5300000, 0x00000000f5300000, 0x00000000f5400000|  0%| F|  |TAMS 0x00000000f5300000| PB 0x00000000f5300000| Untracked |  0
| 340|0x00000000f5400000, 0x00000000f5400000, 0x00000000f5500000|  0%| F|  |TAMS 0x00000000f5400000| PB 0x00000000f5400000| Untracked |  0
| 341|0x00000000f5500000, 0x00000000f5500000, 0x00000000f5600000|  0%| F|  |TAMS 0x00000000f5500000| PB 0x00000000f5500000| Untracked |  0
| 342|0x00000000f5600000, 0x00000000f5600000, 0x00000000f5700000|  0%| F|  |TAMS 0x00000000f5600000| PB 0x00000000f5600000| Untracked |  0
| 343|0x00000000f5700000, 0x00000000f5700000, 0x00000000f5800000|  0%| F|  |TAMS 0x00000000f5700000| PB 0x00000000f5700000| Untracked |  0
| 344|0x00000000f5800000, 0x00000000f5800000, 0x00000000f5900000|  0%| F|  |TAMS 0x00000000f5800000| PB 0x00000000f5800000| Untracked |  0
| 345|0x00000000f5900000, 0x00000000f5900000, 0x00000000f5a00000|  0%| F|  |TAMS 0x00000000f5900000| PB 0x00000000f5900000| Untracked |  0
| 346|0x00000000f5a00000, 0x00000000f5a00000, 0x00000000f5b00000|  0%| F|  |TAMS 0x00000000f5a00000| PB 0x00000000f5a00000| Untracked |  0
| 347|0x00000000f5b00000, 0x00000000f5b00000, 0x00000000f5c00000|  0%| F|  |TAMS 0x00000000f5b00000| PB 0x00000000f5b00000| Untracked |  0
| 348|0x00000000f5c00000, 0x00000000f5c80000, 0x00000000f5d00000| 50%| E|  |TAMS 0x00000000f5c00000| PB 0x00000000f5c00000| Complete |  0
| 349|0x00000000f5d00000, 0x00000000f5e00000, 0x00000000f5e00000|100%| E|CS|TAMS 0x00000000f5d00000| PB 0x00000000f5d00000| Complete |  0
| 350|0x00000000f5e00000, 0x00000000f5f00000, 0x00000000f5f00000|100%| E|CS|TAMS 0x00000000f5e00000| PB 0x00000000f5e00000| Complete |  0
| 351|0x00000000f5f00000, 0x00000000f6000000, 0x00000000f6000000|100%| E|CS|TAMS 0x00000000f5f00000| PB 0x00000000f5f00000| Complete |  0
| 352|0x00000000f6000000, 0x00000000f6100000, 0x00000000f6100000|100%| E|CS|TAMS 0x00000000f6000000| PB 0x00000000f6000000| Complete |  0
| 353|0x00000000f6100000, 0x00000000f6200000, 0x00000000f6200000|100%| E|CS|TAMS 0x00000000f6100000| PB 0x00000000f6100000| Complete |  0
| 354|0x00000000f6200000, 0x00000000f6300000, 0x00000000f6300000|100%| E|CS|TAMS 0x00000000f6200000| PB 0x00000000f6200000| Complete |  0
| 355|0x00000000f6300000, 0x00000000f6400000, 0x00000000f6400000|100%| E|CS|TAMS 0x00000000f6300000| PB 0x00000000f6300000| Complete |  0
| 356|0x00000000f6400000, 0x00000000f6500000, 0x00000000f6500000|100%| E|CS|TAMS 0x00000000f6400000| PB 0x00000000f6400000| Complete |  0
| 357|0x00000000f6500000, 0x00000000f6600000, 0x00000000f6600000|100%| E|CS|TAMS 0x00000000f6500000| PB 0x00000000f6500000| Complete |  0
| 358|0x00000000f6600000, 0x00000000f6700000, 0x00000000f6700000|100%| E|CS|TAMS 0x00000000f6600000| PB 0x00000000f6600000| Complete |  0
| 359|0x00000000f6700000, 0x00000000f6800000, 0x00000000f6800000|100%| E|CS|TAMS 0x00000000f6700000| PB 0x00000000f6700000| Complete |  0
| 360|0x00000000f6800000, 0x00000000f6900000, 0x00000000f6900000|100%| E|CS|TAMS 0x00000000f6800000| PB 0x00000000f6800000| Complete |  0
| 361|0x00000000f6900000, 0x00000000f6a00000, 0x00000000f6a00000|100%| E|CS|TAMS 0x00000000f6900000| PB 0x00000000f6900000| Complete |  0
| 362|0x00000000f6a00000, 0x00000000f6b00000, 0x00000000f6b00000|100%| E|CS|TAMS 0x00000000f6a00000| PB 0x00000000f6a00000| Complete |  0
| 363|0x00000000f6b00000, 0x00000000f6c00000, 0x00000000f6c00000|100%| E|CS|TAMS 0x00000000f6b00000| PB 0x00000000f6b00000| Complete |  0
| 364|0x00000000f6c00000, 0x00000000f6d00000, 0x00000000f6d00000|100%| E|  |TAMS 0x00000000f6c00000| PB 0x00000000f6c00000| Complete |  0
| 365|0x00000000f6d00000, 0x00000000f6e00000, 0x00000000f6e00000|100%| E|CS|TAMS 0x00000000f6d00000| PB 0x00000000f6d00000| Complete |  0
| 366|0x00000000f6e00000, 0x00000000f6f00000, 0x00000000f6f00000|100%| E|CS|TAMS 0x00000000f6e00000| PB 0x00000000f6e00000| Complete |  0
| 367|0x00000000f6f00000, 0x00000000f7000000, 0x00000000f7000000|100%| E|CS|TAMS 0x00000000f6f00000| PB 0x00000000f6f00000| Complete |  0
| 368|0x00000000f7000000, 0x00000000f7100000, 0x00000000f7100000|100%| E|CS|TAMS 0x00000000f7000000| PB 0x00000000f7000000| Complete |  0
| 369|0x00000000f7100000, 0x00000000f7200000, 0x00000000f7200000|100%| E|CS|TAMS 0x00000000f7100000| PB 0x00000000f7100000| Complete |  0
| 370|0x00000000f7200000, 0x00000000f7300000, 0x00000000f7300000|100%| E|CS|TAMS 0x00000000f7200000| PB 0x00000000f7200000| Complete |  0
| 371|0x00000000f7300000, 0x00000000f7400000, 0x00000000f7400000|100%| E|CS|TAMS 0x00000000f7300000| PB 0x00000000f7300000| Complete |  0
| 510|0x00000000ffe00000, 0x00000000fff00000, 0x00000000fff00000|100%| O|  |TAMS 0x00000000ffe00000| PB 0x00000000ffe00000| Untracked |  0
| 511|0x00000000fff00000, 0x00000000fff3bc00, 0x0000000100000000| 23%| O|  |TAMS 0x00000000fff00000| PB 0x00000000fff00000| Untracked |  0

Card table byte_map: [0x00007fe29861a000,0x00007fe29871a000] _byte_map_base: 0x00007fe297f1a000

Marking Bits: (CMBitMap*) 0x00007fe29405c330
 Bits: [0x00007fe279000000, 0x00007fe279800000)

Polling page: 0x00007fe29b07c000

Metaspace:
Metaspace        used 15120K, committed 15680K, reserved 1114112K
 class space     used 1506K, committed 1792K, reserved 1048576K

Usage:
  Non-class:     13.29 MB used.
      Class:      1.47 MB used.
       Both:     14.77 MB used.

Virtual space:
  Non-class space:       64.00 MB reserved,      13.56 MB ( 21%) committed,  1 nodes.
      Class space:        1.00 GB reserved,       1.75 MB ( <1%) committed,  1 nodes.
             Both:        1.06 GB reserved,      15.31 MB (  1%) committed. 

Chunk freelists:
   Non-Class:  2.20 MB
       Class:  14.11 MB
        Both:  16.31 MB

MaxMetaspaceSize: unlimited
CompressedClassSpaceSize: 1.00 GB
Initial GC threshold: 21.00 MB
Current GC threshold: 21.00 MB
CDS: on
 - commit_granule_bytes: 65536.
 - commit_granule_words: 8192.
 - virtual_space_node_default_size: 8388608.
 - enlarge_chunks_in_place: 1.
UseCompressedClassPointers 1, UseCompactObjectHeaders 0
Narrow klass pointer bits 32, Max shift 3
Narrow klass base: 0x0000000018000000, Narrow klass shift: 0
Encoding Range: [0x0000000018000000 - 0x0000000118000000), (4294967296 bytes)
Klass Range:    [0x0000000018001000 - 0x0000000059000000), (1090514944 bytes)
Klass ID Range:  [4096 - 1090519033) (1090514937)
Protection zone: [0x0000000018000000 - 0x0000000018001000), (4096 bytes)


Internal statistics:

num_allocs_failed_limit: 0.
num_arena_births: 684.
num_arena_deaths: 0.
num_vsnodes_births: 2.
num_vsnodes_deaths: 0.
num_space_committed: 245.
num_space_uncommitted: 0.
num_chunks_returned_to_freelist: 0.
num_chunks_taken_from_freelist: 1137.
num_chunk_merges: 0.
num_chunk_splits: 735.
num_chunks_enlarged: 465.
num_inconsistent_stats: 0.

CodeHeap 'non-profiled nmethods': size=119756Kb used=860Kb max_used=860Kb free=118895Kb
 bounds [0x00007fe28130d000, 0x00007fe28157d000, 0x00007fe288800000]
CodeHeap 'profiled nmethods': size=119748Kb used=7544Kb max_used=7544Kb free=112203Kb
 bounds [0x00007fe279800000, 0x00007fe279f60000, 0x00007fe280cf1000]
CodeHeap 'non-nmethods': size=6256Kb used=2122Kb max_used=2132Kb free=4133Kb
 bounds [0x00007fe280cf1000, 0x00007fe280f61000, 0x00007fe28130d000]
CodeCache: size=245760Kb, used=10526Kb, max_used=10536Kb, free=235231Kb
 total_blobs=3737, nmethods=3131, adapters=494, full_count=0
Compilation: enabled, stopped_count=0, restarted_count=0

JVMCI Events (20 events):
Event: 0.087 Thread 0x00007fe29402c670 initializing JVMCI runtime 2
Event: 0.087 Thread 0x00007fe29402c670 done waiting for JavaVM references initialization in JVMCI runtime 2
Event: 0.087 Thread 0x00007fe29402c670 initialized JVMCI runtime 2
Event: 0.689 Thread 0x00007fe258093af0 detaching from JVMCI runtime 1: stopping idle compiler thread (0 other threads still attached)
Event: 0.689 Thread 0x00007fe258093af0 shutting down HotSpotJVMCIRuntime for JVMCI runtime 1
Event: 0.689 Thread 0x00007fe258093af0 shut down JVMCI runtime 1
Event: 0.693 Thread 0x00007fe258093af0 destroyed JavaVM[1]@0x00007fd24620d6d8 for JVMCI runtime 1
Event: 0.693 Thread 0x00007fe258093af0 releasing handles for JVMCI runtime 1: oop handles=60, metadata handles={total=128, live=124, blocks=4}
Event: 0.693 Thread 0x00007fe258093af0 detached from JVMCI runtime 1
Event: 0.928 Thread 0x00007fe25835e450 attached to JVMCI runtime 1
Event: 0.930 Thread 0x00007fe25835e450 created JavaVM[3]@0x00007fd24620d6d8 for JVMCI runtime 1
Event: 0.930 Thread 0x00007fe25835e450 initializing JVMCI runtime 1
Event: 0.930 Thread 0x00007fe25835e450 done waiting for JavaVM references initialization in JVMCI runtime 1
Event: 0.930 Thread 0x00007fe25835e450 initialized JVMCI runtime 1
Event: 2.868 Thread 0x00007fe25835e450 detaching from JVMCI runtime 1: stopping idle compiler thread (0 other threads still attached)
Event: 2.868 Thread 0x00007fe25835e450 shutting down HotSpotJVMCIRuntime for JVMCI runtime 1
Event: 2.868 Thread 0x00007fe25835e450 shut down JVMCI runtime 1
Event: 2.872 Thread 0x00007fe25835e450 destroyed JavaVM[3]@0x00007fd24620d6d8 for JVMCI runtime 1
Event: 2.872 Thread 0x00007fe25835e450 releasing handles for JVMCI runtime 1: oop handles=107, metadata handles={total=576, live=562, blocks=18}
Event: 2.872 Thread 0x00007fe25835e450 detached from JVMCI runtime 1

Compilation events (20 events):
Event: 3.532 Thread 0x00007fe25802f170 nmethod 3120 0x00007fe279eb8e08 code [0x00007fe279eb8f00, 0x00007fe279eb9a30]
Event: 3.532 Thread 0x00007fe2941118d0 3121       3       java.lang.invoke.DirectMethodHandle$Holder::invokeStatic (20 bytes)
Event: 3.533 Thread 0x00007fe2941118d0 nmethod 3121 0x00007fe279eb9a88 code [0x00007fe279eb9b80, 0x00007fe279eb9f30]
Event: 3.631 Thread 0x00007fe2941118d0 3122       1       java.util.concurrent.atomic.AtomicInteger::get (5 bytes)
Event: 3.631 Thread 0x00007fe2941118d0 nmethod 3122 0x00007fe2813e3788 code [0x00007fe2813e3880, 0x00007fe2813e3940]
Event: 3.632 Thread 0x00007fe25802f170 3123       3       java.lang.invoke.LambdaForm$MH/0x00000000191a1c00::invoke (52 bytes)
Event: 3.632 Thread 0x00007fe2941118d0 3124       3       java.lang.invoke.LambdaForm$MH/0x000000001917d400::invoke (51 bytes)
Event: 3.633 Thread 0x00007fe2941118d0 nmethod 3124 0x00007fe279eb9f88 code [0x00007fe279eba080, 0x00007fe279ebac08]
Event: 3.633 Thread 0x00007fe2941118d0 3125       3       dev.hivens.libsound.dbus.DBusAbi::getMESSAGE_ITER_LAYOUT (4 bytes)
Event: 3.633 Thread 0x00007fe2941118d0 nmethod 3125 0x00007fe279ebac88 code [0x00007fe279ebad80, 0x00007fe279ebae88]
Event: 3.633 Thread 0x00007fe2941118d0 3126       3       java.lang.invoke.VarHandle::getMethodHandle (41 bytes)
Event: 3.633 Thread 0x00007fe2941118d0 nmethod 3126 0x00007fe279ebaf88 code [0x00007fe279ebb080, 0x00007fe279ebb7d0]
Event: 3.633 Thread 0x00007fe2941118d0 3127       3       java.lang.invoke.IndirectVarHandle::checkAccessModeThenIsDirect (8 bytes)
Event: 3.633 Thread 0x00007fe2941118d0 nmethod 3127 0x00007fe279ebb808 code [0x00007fe279ebb900, 0x00007fe279ebcae8]
Event: 3.636 Thread 0x00007fe25802f170 nmethod 3123 0x00007fe279ebcb08 code [0x00007fe279ebcc00, 0x00007fe279ec4dc0]
Event: 3.734 Thread 0x00007fe29410fee0 3128       4       jdk.internal.classfile.impl.AttributeHolder::writeTo (34 bytes)
Event: 3.735 Thread 0x00007fe2941118d0 3129       3       kotlin.Result::isFailure-impl (5 bytes)
Event: 3.735 Thread 0x00007fe2941118d0 nmethod 3129 0x00007fe279ec4e88 code [0x00007fe279ec4f80, 0x00007fe279ec5278]
Event: 3.742 Thread 0x00007fe2941118d0 3136       3       jdk.internal.foreign.StringSupport::strlenByte (232 bytes)
Event: 3.742 Thread 0x00007fe25802f170 3130   !   3       dev.hivens.libsound.dbus.DBusSymbolsKt::readCString (83 bytes)

GC Heap Usage History (2 events):
Event: 2.495 {heap Before GC invocations=0 (full 0):
 garbage-first heap   total reserved 524288K, committed 382976K, used 49391K [0x00000000e0000000, 0x0000000100000000)
  region size 1024K, 47 young (48128K), 0 survivors (0K)
}
Event: 2.501 {heap After GC invocations=1 (full 0):
 garbage-first heap   total reserved 524288K, committed 382976K, used 7023K [0x00000000e0000000, 0x0000000100000000)
  region size 1024K, 6 young (6144K), 6 survivors (6144K)
}

Metaspace Usage History (2 events):
Event: 2.495 {metaspace Before GC invocations=0 (full 0):
 Metaspace       used 10628K, committed 10880K, reserved 1114112K
  class space    used 1025K, committed 1152K, reserved 1048576K
}
Event: 2.501 {metaspace After GC invocations=1 (full 0):
 Metaspace       used 10628K, committed 10880K, reserved 1114112K
  class space    used 1025K, committed 1152K, reserved 1048576K
}

Dll operation events (11 events):
Event: 0.006 Loaded shared library /usr/lib/jvm/liberica-nik-25-full/lib/libjava.so
Event: 0.026 Loaded shared library /usr/lib/jvm/liberica-nik-25-full/lib/libsimdsort.so
Event: 0.041 Loaded shared library /usr/lib/jvm/liberica-nik-25-full/lib/libjvmcicompiler.so
Event: 0.097 Loaded shared library /usr/lib/jvm/liberica-nik-25-full/lib/libnio.so
Event: 0.103 Loaded shared library /usr/lib/jvm/liberica-nik-25-full/lib/libzip.so
Event: 0.199 Loaded shared library /usr/lib/jvm/liberica-nik-25-full/lib/libjimage.so
Event: 0.308 Loaded shared library /usr/lib/jvm/liberica-nik-25-full/lib/libnet.so
Event: 0.959 Loaded shared library /usr/lib/jvm/liberica-nik-25-full/lib/libextnet.so
Event: 1.078 Loaded shared library /usr/lib/jvm/liberica-nik-25-full/lib/libverify.so
Event: 2.628 Loaded shared library libdbus-1.so.3
Event: 2.901 Loaded shared library libdbus-1.so.3

Deoptimization events (20 events):
Event: 2.627 Thread 0x00007fe29402c670 Uncommon trap: trap_request=0xffffffed fr.pc=0x00007fe2813a1f5b relative=0x000000000000093b
Event: 2.627 Thread 0x00007fe29402c670 Uncommon trap: reason=null_assert_or_unreached0 action=reinterpret pc=0x00007fe2813a1f5b method=java.util.ImmutableCollections.listCopy(Ljava/util/Collection;)Ljava/util/List; @ 0 jvmci
Event: 2.627 Thread 0x00007fe29402c670 DEOPT PACKING pc=0x00007fe2813a1f5b sp=0x00007fe2994f2190
Event: 2.627 Thread 0x00007fe29402c670 DEOPT UNPACKING pc=0x00007fe280d412e5 sp=0x00007fe2994f1648 mode 3
Event: 2.668 Thread 0x00007fe29402c670 Uncommon trap: trap_request=0xffffffcd fr.pc=0x00007fe281386659 relative=0x00000000000006f9
Event: 2.668 Thread 0x00007fe29402c670 Uncommon trap: reason=intrinsic_or_type_checked_inlining action=reinterpret pc=0x00007fe281386659 method=jdk.internal.classfile.impl.SplitConstantPool.internalAdd(Ljava/lang/classfile/constantpool/PoolEntry;I)Ljava/lang/classfile/constantpool/PoolEntry; @
Event: 2.668 Thread 0x00007fe29402c670 DEOPT PACKING pc=0x00007fe281386659 sp=0x00007fe2994f1d00
Event: 2.668 Thread 0x00007fe29402c670 DEOPT UNPACKING pc=0x00007fe280d412e5 sp=0x00007fe2994f11e0 mode 3
Event: 2.674 Thread 0x00007fe29402c670 Uncommon trap: trap_request=0xffffffcd fr.pc=0x00007fe2813a128c relative=0x000000000000046c
Event: 2.674 Thread 0x00007fe29402c670 Uncommon trap: reason=intrinsic_or_type_checked_inlining action=reinterpret pc=0x00007fe2813a128c method=jdk.internal.classfile.impl.SplitConstantPool.findEntry(ILjdk/internal/classfile/impl/AbstractPoolEntry;Ljdk/internal/classfile/impl/AbstractPoolEntry
Event: 2.674 Thread 0x00007fe29402c670 DEOPT PACKING pc=0x00007fe2813a128c sp=0x00007fe2994f1e10
Event: 2.674 Thread 0x00007fe29402c670 DEOPT UNPACKING pc=0x00007fe280d412e5 sp=0x00007fe2994f12b8 mode 3
Event: 2.675 Thread 0x00007fe29402c670 Uncommon trap: trap_request=0xffffffed fr.pc=0x00007fe2813abf92 relative=0x0000000000001d12
Event: 2.675 Thread 0x00007fe29402c670 Uncommon trap: reason=null_assert_or_unreached0 action=reinterpret pc=0x00007fe2813abf92 method=jdk.internal.classfile.impl.StackMapGenerator.processBlock(Ljdk/internal/classfile/impl/RawBytecodeHelper;)Z @ 2734 jvmci
Event: 2.675 Thread 0x00007fe29402c670 DEOPT PACKING pc=0x00007fe2813abf92 sp=0x00007fe2994f1cd0
Event: 2.675 Thread 0x00007fe29402c670 DEOPT UNPACKING pc=0x00007fe280d412e5 sp=0x00007fe2994f1150 mode 3
Event: 2.677 Thread 0x00007fe29402c670 DEOPT PACKING pc=0x00007fe279aaf8e4 sp=0x00007fe2994f2270
Event: 2.677 Thread 0x00007fe29402c670 DEOPT UNPACKING pc=0x00007fe280d412e5 sp=0x00007fe2994f1788 mode 0
Event: 2.740 Thread 0x00007fe29402c670 DEOPT PACKING pc=0x00007fe279d8de87 sp=0x00007fe2994f20c0
Event: 2.740 Thread 0x00007fe29402c670 DEOPT UNPACKING pc=0x00007fe280d412e5 sp=0x00007fe2994f15e8 mode 0

Classes loaded (20 events):
Event: 3.220 Loading class java/util/concurrent/TimeoutException
Event: 3.220 Loading class java/util/concurrent/TimeoutException done
Event: 3.327 Loading class java/lang/invoke/MethodHandle$1
Event: 3.327 Loading class java/lang/invoke/MethodHandle$1 done
Event: 3.735 Loading class java/lang/ProcessBuilder
Event: 3.736 Loading class java/lang/ProcessBuilder done
Event: 3.740 Loading class java/lang/ProcessImpl$1
Event: 3.740 Loading class java/lang/ProcessImpl$1 done
Event: 3.740 Loading class java/lang/ProcessImpl$ProcessPipeOutputStream
Event: 3.740 Loading class java/lang/ProcessImpl$ProcessPipeOutputStream done
Event: 3.740 Loading class java/lang/Process$PipeOutputStream
Event: 3.740 Loading class java/lang/Process$PipeOutputStream done
Event: 3.740 Loading class java/lang/ProcessImpl$ProcessPipeInputStream
Event: 3.740 Loading class java/lang/ProcessImpl$ProcessPipeInputStream done
Event: 3.742 Loading class java/lang/Process$PipeInputStream
Event: 3.742 Loading class java/lang/Process$PipeInputStream done
Event: 3.742 Loading class java/lang/ProcessHandleImpl$ExitCompletion
Event: 3.742 Loading class java/lang/ProcessHandleImpl$ExitCompletion done
Event: 3.742 Loading class java/lang/ProcessHandleImpl$1
Event: 3.742 Loading class java/lang/ProcessHandleImpl$1 done

Classes unloaded (0 events):
No events

Classes redefined (0 events):
No events

Internal exceptions (20 events):
Event: 2.877 Thread 0x00007fe2947bd450 Exception <a 'java/lang/NoSuchMethodError'{0x00000000f62c3818}: 'java.lang.Object java.lang.invoke.DirectMethodHandle$Holder.invokeInterface(java.lang.Object, java.lang.Object, long, long)'> (0x00000000f62c3818) 
thrown [src/hotspot/share/interpreter/linkResolver.cpp, line 803]
Event: 2.878 Thread 0x00007fe2947bd450 Exception <a 'java/lang/NoSuchMethodError'{0x00000000f62cbce0}: 'java.lang.Object java.lang.invoke.DirectMethodHandle$Holder.invokeInterface(java.lang.Object, java.lang.Object, long, java.lang.Object)'> (0x00000000f62cbce0) 
thrown [src/hotspot/share/interpreter/linkResolver.cpp, line 803]
Event: 2.879 Thread 0x00007fe2947bd450 Exception <a 'java/lang/NoSuchMethodError'{0x00000000f62dbcb0}: 'void java.lang.invoke.DirectMethodHandle$Holder.invokeStaticInit(java.lang.Object, java.lang.Object, long, java.lang.Object)'> (0x00000000f62dbcb0) 
thrown [src/hotspot/share/interpreter/linkResolver.cpp, line 803]
Event: 2.879 Thread 0x00007fe2947bd450 Exception <a 'java/lang/NoSuchMethodError'{0x00000000f62e3e48}: 'long java.lang.invoke.DirectMethodHandle$Holder.invokeStatic(java.lang.Object, long, long)'> (0x00000000f62e3e48) 
thrown [src/hotspot/share/interpreter/linkResolver.cpp, line 803]
Event: 2.883 Thread 0x00007fe2947bd450 Exception <a 'java/lang/NoSuchMethodError'{0x00000000f62f5a48}: 'int java.lang.invoke.DirectMethodHandle$Holder.invokeSpecial(java.lang.Object, java.lang.Object, java.lang.Object, java.lang.Object, int, java.lang.Object)'> (0x00000000f62f5a48) 
thrown [src/hotspot/share/interpreter/linkResolver.cpp, line 803]
Event: 2.884 Thread 0x00007fe2947bd450 Exception <a 'java/lang/NoSuchMethodError'{0x00000000f62fd8f0}: 'int java.lang.invoke.Invokers$Holder.invokeExact_MT(java.lang.Object, java.lang.Object, java.lang.Object, int, java.lang.Object, java.lang.Object)'> (0x00000000f62fd8f0) 
thrown [src/hotspot/share/interpreter/linkResolver.cpp, line 803]
Event: 2.886 Thread 0x00007fe2947bd450 Exception <a 'java/lang/NoSuchMethodError'{0x00000000f61197e8}: 'int java.lang.invoke.Invokers$Holder.invokeExact_MT(java.lang.Object, java.lang.Object, java.lang.Object, java.lang.Object)'> (0x00000000f61197e8) 
thrown [src/hotspot/share/interpreter/linkResolver.cpp, line 803]
Event: 2.888 Thread 0x00007fe2947bd450 Exception <a 'java/lang/NoSuchMethodError'{0x00000000f613f708}: 'void java.lang.invoke.Invokers$Holder.invokeExact_MT(java.lang.Object, java.lang.Object, java.lang.Object, java.lang.Object)'> (0x00000000f613f708) 
thrown [src/hotspot/share/interpreter/linkResolver.cpp, line 803]
Event: 2.900 Thread 0x00007fe2947bd450 Exception <a 'java/lang/NoSuchMethodError'{0x00000000f617bec0}: 'long java.lang.invoke.DelegatingMethodHandle$Holder.reinvoke_L(java.lang.Object, java.lang.Object, java.lang.Object, long)'> (0x00000000f617bec0) 
thrown [src/hotspot/share/interpreter/linkResolver.cpp, line 803]
Event: 2.905 Thread 0x00007fe2947bd450 Exception <a 'java/lang/NoSuchMethodError'{0x00000000f601cfb8}: 'int java.lang.invoke.Invokers$Holder.invokeExact_MT(java.lang.Object, java.lang.Object, java.lang.Object, java.lang.Object, java.lang.Object)'> (0x00000000f601cfb8) 
thrown [src/hotspot/share/interpreter/linkResolver.cpp, line 803]
Event: 2.908 Thread 0x00007fe2947bd450 Exception <a 'java/lang/NoSuchMethodError'{0x00000000f6036530}: 'int java.lang.invoke.DirectMethodHandle$Holder.invokeSpecial(java.lang.Object, java.lang.Object, java.lang.Object, int, java.lang.Object, java.lang.Object)'> (0x00000000f6036530) 
thrown [src/hotspot/share/interpreter/linkResolver.cpp, line 803]
Event: 2.911 Thread 0x00007fe2947bd450 Exception <a 'java/lang/NoSuchMethodError'{0x00000000f605d980}: 'int java.lang.invoke.DirectMethodHandle$Holder.invokeStatic(java.lang.Object, java.lang.Object, java.lang.Object, java.lang.Object, java.lang.Object, java.lang.Object, java.lang.Object)'> (0x00000000f605d980) 
thrown [src/hotspot/share/interpreter/linkResolver.cpp, line 803]
Event: 2.912 Thread 0x00007fe2947bd450 Exception <a 'java/lang/NoSuchMethodError'{0x00000000f607f438}: 'void java.lang.invoke.DelegatingMethodHandle$Holder.reinvoke_L(java.lang.Object, java.lang.Object, java.lang.Object, long, long)'> (0x00000000f607f438) 
thrown [src/hotspot/share/interpreter/linkResolver.cpp, line 803]
Event: 2.913 Thread 0x00007fe2947bd450 Exception <a 'java/lang/NoSuchMethodError'{0x00000000f60983f8}: 'int java.lang.invoke.DirectMethodHandle$Holder.invokeSpecial(java.lang.Object, java.lang.Object, java.lang.Object, int, java.lang.Object)'> (0x00000000f60983f8) 
thrown [src/hotspot/share/interpreter/linkResolver.cpp, line 803]
Event: 2.913 Thread 0x00007fe2947bd450 Exception <a 'java/lang/NoSuchMethodError'{0x00000000f60a0480}: 'int java.lang.invoke.Invokers$Holder.invokeExact_MT(java.lang.Object, java.lang.Object, int, java.lang.Object, java.lang.Object)'> (0x00000000f60a0480) 
thrown [src/hotspot/share/interpreter/linkResolver.cpp, line 803]
Event: 3.008 Thread 0x00007fe2947cd710 Exception <a 'java/lang/NoSuchMethodError'{0x00000000f5f70308}: 'void java.lang.invoke.Invokers$Holder.invokeExact_MT(java.lang.Object, java.lang.Object, java.lang.Object, java.lang.Object, java.lang.Object)'> (0x00000000f5f70308) 
thrown [src/hotspot/share/interpreter/linkResolver.cpp, line 803]
Event: 3.224 Thread 0x00007fe2947d4e60 Exception <a 'java/lang/NoSuchMethodError'{0x00000000f5d0a078}: 'java.lang.Object java.lang.invoke.Invokers$Holder.invokeExact_MT(java.lang.Object, java.lang.Object, java.lang.Object, java.lang.Object, java.lang.Object, java.lang.Object)'> (0x00000000f5d0a078) 
thrown [src/hotspot/share/interpreter/linkResolver.cpp, line 803]
Event: 3.227 Thread 0x00007fe2947d4e60 Exception <a 'java/lang/NoSuchMethodError'{0x00000000f5d32fd8}: 'java.lang.Object java.lang.invoke.DirectMethodHandle$Holder.newInvokeSpecial(java.lang.Object, java.lang.Object, java.lang.Object, java.lang.Object, int, java.lang.Object)'> (0x00000000f5d32fd8) 
thrown [src/hotspot/share/interpreter/linkResolver.cpp, line 803]
Event: 3.227 Thread 0x00007fe2947d4e60 Exception <a 'java/lang/NoSuchMethodError'{0x00000000f5d3ba00}: 'java.lang.Object java.lang.invoke.DirectMethodHandle$Holder.invokeSpecial(java.lang.Object, java.lang.Object, java.lang.Object, java.lang.Object, java.lang.Object, int, java.lang.Object)'> (0x00000000f5d3ba00) 
thrown [src/hotspot/share/interpreter/linkResolver.cpp, line 803]
Event: 3.326 Thread 0x00007fe2947cd710 Exception <a 'java/lang/NoSuchMethodError'{0x00000000f5f8ba08}: 'java.lang.Object java.lang.invoke.Invokers$Holder.invokeExact_MT(java.lang.Object, java.lang.Object, java.lang.Object, int, java.lang.Object, java.lang.Object)'> (0x00000000f5f8ba08) 
thrown [src/hotspot/share/interpreter/linkResolver.cpp, line 803]

VM Operations (20 events):
Event: 2.495 Executing safepoint VM operation: G1CollectForAllocation (G1 Evacuation Pause)
Event: 2.501 Executing safepoint VM operation: G1CollectForAllocation (G1 Evacuation Pause) done
Event: 2.559 Executing non-safepoint VM operation: HandshakeAllThreads (Deoptimize)
Event: 2.559 Executing non-safepoint VM operation: HandshakeAllThreads (Deoptimize) done
Event: 2.636 Executing non-safepoint VM operation: HandshakeAllThreads (Deoptimize)
Event: 2.636 Executing non-safepoint VM operation: HandshakeAllThreads (Deoptimize) done
Event: 2.672 Executing non-safepoint VM operation: HandshakeAllThreads (Deoptimize)
Event: 2.672 Executing non-safepoint VM operation: HandshakeAllThreads (Deoptimize) done
Event: 2.676 Executing non-safepoint VM operation: HandshakeAllThreads (Deoptimize)
Event: 2.677 Executing non-safepoint VM operation: HandshakeAllThreads (Deoptimize) done
Event: 2.744 Executing non-safepoint VM operation: HandshakeAllThreads (Deoptimize)
Event: 2.744 Executing non-safepoint VM operation: HandshakeAllThreads (Deoptimize) done
Event: 2.888 Executing non-safepoint VM operation: HandshakeAllThreads (Deoptimize)
Event: 2.888 Executing non-safepoint VM operation: HandshakeAllThreads (Deoptimize) done
Event: 2.894 Executing non-safepoint VM operation: HandshakeAllThreads (Deoptimize)
Event: 2.894 Executing non-safepoint VM operation: HandshakeAllThreads (Deoptimize) done
Event: 2.896 Executing non-safepoint VM operation: HandshakeAllThreads (Deoptimize)
Event: 2.897 Executing non-safepoint VM operation: HandshakeAllThreads (Deoptimize) done
Event: 3.741 Executing non-safepoint VM operation: HandshakeAllThreads (Deoptimize)
Event: 3.741 Executing non-safepoint VM operation: HandshakeAllThreads (Deoptimize) done

Memory protections (20 events):
Event: 0.005 Protecting memory [0x00007fe2993f8000,0x00007fe2993fc000] with protection modes 0
Event: 0.019 Protecting memory [0x0000000018000000,0x0000000018001000] with protection modes 0
Event: 0.025 Protecting memory [0x00007fe2785f7000,0x00007fe2785fb000] with protection modes 0
Event: 0.025 Protecting memory [0x00007fe2782f4000,0x00007fe2782f8000] with protection modes 0
Event: 0.025 Protecting memory [0x00007fe2781f3000,0x00007fe2781f7000] with protection modes 0
Event: 0.025 Protecting memory [0x00007fe2780f2000,0x00007fe2780f6000] with protection modes 0
Event: 0.025 Protecting memory [0x00007fe269f00000,0x00007fe269f04000] with protection modes 0
Event: 0.025 Protecting memory [0x00007fe2699ff000,0x00007fe269a03000] with protection modes 0
Event: 0.026 Protecting memory [0x00007fe2697fd000,0x00007fe269801000] with protection modes 0
Event: 0.044 Protecting memory [0x00007fe2695fb000,0x00007fe2695ff000] with protection modes 0
Event: 0.075 Protecting memory [0x00007fe2693f9000,0x00007fe2693fd000] with protection modes 0
Event: 0.094 Protecting memory [0x00007fe2692f8000,0x00007fe2692fc000] with protection modes 0
Event: 0.096 Protecting memory [0x00007fe2691f7000,0x00007fe2691fb000] with protection modes 0
Event: 0.928 Protecting memory [0x00007fe2693f9000,0x00007fe2693fd000] with protection modes 0
Event: 1.060 Protecting memory [0x00007fe2690f6000,0x00007fe2690fa000] with protection modes 0
Event: 1.093 Protecting memory [0x00007fe268ff5000,0x00007fe268ff9000] with protection modes 0
Event: 1.094 Protecting memory [0x00007fe268ef4000,0x00007fe268ef8000] with protection modes 0
Event: 2.762 Protecting memory [0x00007fe2685a4000,0x00007fe2685a8000] with protection modes 0
Event: 2.907 Protecting memory [0x00007fe2693f9000,0x00007fe2693fd000] with protection modes 0
Event: 3.222 Protecting memory [0x00007fe2684a3000,0x00007fe2684a7000] with protection modes 0

Nmethod flushes (0 events):
No events

Events (20 events):
Event: 0.025 Thread 0x00007fe29402c670 Thread added: 0x00007fe294108190
Event: 0.025 Thread 0x00007fe29402c670 Thread added: 0x00007fe294109380
Event: 0.025 Thread 0x00007fe29402c670 Thread added: 0x00007fe29410aee0
Event: 0.025 Thread 0x00007fe29402c670 Thread added: 0x00007fe29410c800
Event: 0.025 Thread 0x00007fe29402c670 Thread added: 0x00007fe29410e080
Event: 0.025 Thread 0x00007fe29402c670 Thread added: 0x00007fe29410fee0
Event: 0.026 Thread 0x00007fe29402c670 Thread added: 0x00007fe2941118d0
Event: 0.044 Thread 0x00007fe2941118d0 Thread added: 0x00007fe25802f170
Event: 0.075 Thread 0x00007fe2941118d0 Thread added: 0x00007fe258093af0
Event: 0.094 Thread 0x00007fe29402c670 Thread added: 0x00007fe294173bc0
Event: 0.096 Thread 0x00007fe29402c670 Thread added: 0x00007fe294176250
Event: 0.693 Thread 0x00007fe258093af0 Thread exited: 0x00007fe258093af0
Event: 0.927 Thread 0x00007fe2941118d0 Thread added: 0x00007fe25835e450
Event: 1.060 Thread 0x00007fe29402c670 Thread added: 0x00007fe29455f580
Event: 1.093 Thread 0x00007fe29402c670 Thread added: 0x00007fe2945715b0
Event: 1.094 Thread 0x00007fe29402c670 Thread added: 0x00007fe294576540
Event: 2.762 Thread 0x00007fe29402c670 Thread added: 0x00007fe2947bd450
Event: 2.872 Thread 0x00007fe25835e450 Thread exited: 0x00007fe25835e450
Event: 2.907 Thread 0x00007fe29402c670 Thread added: 0x00007fe2947cd710
Event: 3.222 Thread 0x00007fe29402c670 Thread added: 0x00007fe2947d4e60


Dynamic libraries:
18000000-18001000 ---p 00000000 00:00 0 
18001000-18da9000 rw-p 00001000 00:1c 7034785                            /usr/lib/jvm/liberica-nik-25-full/lib/server/classes.jsa
18da9000-19000000 ---p 00000000 00:00 0 
19000000-19040000 rw-p 00000000 00:00 0 
19040000-190c0000 rw-p 00000000 00:00 0 
190c0000-19100000 rw-p 00000000 00:00 0 
19100000-191b0000 rw-p 00000000 00:00 0 
191b0000-191c0000 ---p 00000000 00:00 0 
191c0000-191d0000 rw-p 00000000 00:00 0 
191d0000-59000000 ---p 00000000 00:00 0 
e0000000-f7400000 rw-p 00000000 00:00 0 
f7400000-ffe00000 ---p 00000000 00:00 0 
ffe00000-fff3c000 rw-p 00ddd000 00:1c 7034785                            /usr/lib/jvm/liberica-nik-25-full/lib/server/classes.jsa
fff3c000-100000000 rw-p 00000000 00:00 0 
55b51c61f000-55b51c620000 r--p 00000000 00:1c 7034565                    /usr/lib/jvm/liberica-nik-25-full/bin/java
55b51c620000-55b51c621000 r-xp 00001000 00:1c 7034565                    /usr/lib/jvm/liberica-nik-25-full/bin/java
55b51c621000-55b51c622000 r--p 00002000 00:1c 7034565                    /usr/lib/jvm/liberica-nik-25-full/bin/java
55b51c622000-55b51c623000 r--p 00002000 00:1c 7034565                    /usr/lib/jvm/liberica-nik-25-full/bin/java
55b51c623000-55b51c624000 rw-p 00003000 00:1c 7034565                    /usr/lib/jvm/liberica-nik-25-full/bin/java
55b52f177000-55b52f1c1000 rw-p 00000000 00:00 0                          [heap]
7fca45880000-7fca45900000 ---p 00000000 00:00 0 
7fca45900000-7fca45f44000 r--p 012ba000 00:1c 7034755                    /usr/lib/jvm/liberica-nik-25-full/lib/libjvmcicompiler.so
7fca45f44000-7fca46000000 r--p 00000000 00:00 0 
7fca46000000-7fca46072000 rw-p 00000000 00:00 0 
7fca46072000-7fca46688000 rw-p 01a2c000 00:1c 7034755                    /usr/lib/jvm/liberica-nik-25-full/lib/libjvmcicompiler.so
7fca46688000-7fca46b60000 r--p 02042000 00:1c 7034755                    /usr/lib/jvm/liberica-nik-25-full/lib/libjvmcicompiler.so
7fca46b60000-7fca46b80000 ---p 00000000 00:00 0 
7fca46b80000-7fca46d80000 rw-p 00000000 00:00 0 
7fca46d80000-7fd245880000 ---p 00000000 00:00 0 
7fda45980000-7fda45a00000 ---p 00000000 00:00 0 
7fda45a00000-7fda46044000 r--p 012ba000 00:1c 7034755                    /usr/lib/jvm/liberica-nik-25-full/lib/libjvmcicompiler.so
7fda46044000-7fda46100000 r--p 00000000 00:00 0 
7fda46100000-7fda46172000 rw-p 00000000 00:00 0 
7fda46172000-7fda46788000 rw-p 01a2c000 00:1c 7034755                    /usr/lib/jvm/liberica-nik-25-full/lib/libjvmcicompiler.so
7fda46788000-7fda46c60000 r--p 02042000 00:1c 7034755                    /usr/lib/jvm/liberica-nik-25-full/lib/libjvmcicompiler.so
7fda46c60000-7fda46c80000 ---p 00000000 00:00 0 
7fda46c80000-7fda48480000 rw-p 00000000 00:00 0 
7fda48480000-7fe245980000 ---p 00000000 00:00 0 
7fe245a00000-7fe245bc8000 r--p 00000000 00:1c 7034755                    /usr/lib/jvm/liberica-nik-25-full/lib/libjvmcicompiler.so
7fe245bc8000-7fe245bc9000 r-xp 001c8000 00:1c 7034755                    /usr/lib/jvm/liberica-nik-25-full/lib/libjvmcicompiler.so
7fe245bc9000-7fe245bd0000 ---p 001c9000 00:1c 7034755                    /usr/lib/jvm/liberica-nik-25-full/lib/libjvmcicompiler.so
7fe245bd0000-7fe246cad000 r-xp 001c9000 00:1c 7034755                    /usr/lib/jvm/liberica-nik-25-full/lib/libjvmcicompiler.so
7fe246cad000-7fe246cb0000 ---p 012ad000 00:1c 7034755                    /usr/lib/jvm/liberica-nik-25-full/lib/libjvmcicompiler.so
7fe246cb0000-7fe246cc1000 r--p 012a6000 00:1c 7034755                    /usr/lib/jvm/liberica-nik-25-full/lib/libjvmcicompiler.so
7fe246cc1000-7fe246cc2000 ---p 012c1000 00:1c 7034755                    /usr/lib/jvm/liberica-nik-25-full/lib/libjvmcicompiler.so
7fe246cc2000-7fe246cc3000 r--p 012b7000 00:1c 7034755                    /usr/lib/jvm/liberica-nik-25-full/lib/libjvmcicompiler.so
7fe246cc3000-7fe246cd0000 ---p 012c3000 00:1c 7034755                    /usr/lib/jvm/liberica-nik-25-full/lib/libjvmcicompiler.so
7fe246cd0000-7fe246cd2000 rw-p 012b8000 00:1c 7034755                    /usr/lib/jvm/liberica-nik-25-full/lib/libjvmcicompiler.so
7fe246cd2000-7fe246ce0000 ---p 012d2000 00:1c 7034755                    /usr/lib/jvm/liberica-nik-25-full/lib/libjvmcicompiler.so
7fe246ce0000-7fe247f40000 rw-p 012ba000 00:1c 7034755                    /usr/lib/jvm/liberica-nik-25-full/lib/libjvmcicompiler.so
7fe247f40000-7fe247f41000 rw-p 00000000 00:00 0 
7fe248000000-7fe248087000 rw-p 00000000 00:00 0 
7fe248087000-7fe24c000000 ---p 00000000 00:00 0 
7fe24c000000-7fe24c021000 rw-p 00000000 00:00 0 
7fe24c021000-7fe250000000 ---p 00000000 00:00 0 
7fe250000000-7fe250400000 rw-p 00000000 00:00 0 
7fe250400000-7fe250700000 rw-p 00000000 00:00 0 
7fe250700000-7fe250800000 rw-p 00000000 00:00 0 
7fe250800000-7fe2509c0000 rw-p 00000000 00:00 0 
7fe2509c0000-7fe250a00000 rw-p 00000000 00:00 0 
7fe250a00000-7fe250b80000 rw-p 00000000 00:00 0 
7fe250b80000-7fe250cd0000 rw-p 00000000 00:00 0 
7fe250cd0000-7fe250d00000 ---p 00000000 00:00 0 
7fe250d00000-7fe250dc0000 rw-p 00000000 00:00 0 
7fe250dc0000-7fe254000000 ---p 00000000 00:00 0 
7fe254000000-7fe2544b8000 rw-p 00000000 00:00 0 
7fe2544b8000-7fe258000000 ---p 00000000 00:00 0 
7fe258000000-7fe2588ad000 rw-p 00000000 00:00 0 
7fe2588ad000-7fe25c000000 ---p 00000000 00:00 0 
7fe25c000000-7fe25c021000 rw-p 00000000 00:00 0 
7fe25c021000-7fe260000000 ---p 00000000 00:00 0 
7fe260000000-7fe260021000 rw-p 00000000 00:00 0 
7fe260021000-7fe264000000 ---p 00000000 00:00 0 
7fe264000000-7fe264021000 rw-p 00000000 00:00 0 
7fe264021000-7fe268000000 ---p 00000000 00:00 0 
7fe26847f000-7fe268480000 rw-p 00000000 00:00 0 
7fe268480000-7fe268484000 ---p 00000000 00:00 0 
7fe268484000-7fe2684a3000 rw-p 00000000 00:00 0 
7fe2684a3000-7fe2684a7000 ---p 00000000 00:00 0 
7fe2684a7000-7fe2685a4000 rw-p 00000000 00:00 0 
7fe2685a4000-7fe2685a8000 ---p 00000000 00:00 0 
7fe2685a8000-7fe2686a4000 rw-p 00000000 00:00 0 
7fe2686a4000-7fe2686b9000 r--p 00000000 00:1c 7475414                    /usr/lib/libsystemd.so.0.44.0
7fe2686b9000-7fe268792000 r-xp 00015000 00:1c 7475414                    /usr/lib/libsystemd.so.0.44.0
7fe268792000-7fe2687e1000 r--p 000ee000 00:1c 7475414                    /usr/lib/libsystemd.so.0.44.0
7fe2687e1000-7fe2687ea000 r--p 0013c000 00:1c 7475414                    /usr/lib/libsystemd.so.0.44.0
7fe2687ea000-7fe2687eb000 rw-p 00145000 00:1c 7475414                    /usr/lib/libsystemd.so.0.44.0
7fe2687eb000-7fe2687ec000 rw-p 00000000 00:00 0 
7fe2687ec000-7fe268ef4000 rw-p 00000000 00:00 0 
7fe268ef4000-7fe268ef8000 ---p 00000000 00:00 0 
7fe268ef8000-7fe268ff5000 rw-p 00000000 00:00 0 
7fe268ff5000-7fe268ff9000 ---p 00000000 00:00 0 
7fe268ff9000-7fe2690f6000 rw-p 00000000 00:00 0 
7fe2690f6000-7fe2690fa000 ---p 00000000 00:00 0 
7fe2690fa000-7fe2691f7000 rw-p 00000000 00:00 0 
7fe2691f7000-7fe2691fb000 ---p 00000000 00:00 0 
7fe2691fb000-7fe2692f8000 rw-p 00000000 00:00 0 
7fe2692f8000-7fe2692fc000 ---p 00000000 00:00 0 
7fe2692fc000-7fe2693f9000 rw-p 00000000 00:00 0 
7fe2693f9000-7fe2693fd000 ---p 00000000 00:00 0 
7fe2693fd000-7fe2695fb000 rw-p 00000000 00:00 0 
7fe2695fb000-7fe2695ff000 ---p 00000000 00:00 0 
7fe2695ff000-7fe2697fd000 rw-p 00000000 00:00 0 
7fe2697fd000-7fe269801000 ---p 00000000 00:00 0 
7fe269801000-7fe2699ff000 rw-p 00000000 00:00 0 
7fe2699ff000-7fe269a03000 ---p 00000000 00:00 0 
7fe269a03000-7fe269c00000 rw-p 00000000 00:00 0 
7fe269c00000-7fe269eee000 r--p 00000000 00:1c 8029921                    /usr/lib/locale/locale-archive
7fe269eff000-7fe269f00000 rw-p 00000000 00:00 0 
7fe269f00000-7fe269f04000 ---p 00000000 00:00 0 
7fe269f04000-7fe26a000000 rw-p 00000000 00:00 0 
7fe26a000000-7fe26c021000 rw-p 00000000 00:00 0 
7fe26c021000-7fe270000000 ---p 00000000 00:00 0 
7fe270000000-7fe270037000 rw-p 00000000 00:00 0 
7fe270037000-7fe274000000 ---p 00000000 00:00 0 
7fe274000000-7fe274021000 rw-p 00000000 00:00 0 
7fe274021000-7fe278000000 ---p 00000000 00:00 0 
7fe278008000-7fe27800c000 r--p 00000000 00:1c 7929910                    /usr/lib/libgcc_s.so.1
7fe27800c000-7fe278038000 r-xp 00004000 00:1c 7929910                    /usr/lib/libgcc_s.so.1
7fe278038000-7fe27803c000 r--p 00030000 00:1c 7929910                    /usr/lib/libgcc_s.so.1
7fe27803c000-7fe27803d000 r--p 00034000 00:1c 7929910                    /usr/lib/libgcc_s.so.1
7fe27803d000-7fe27803e000 rw-p 00035000 00:1c 7929910                    /usr/lib/libgcc_s.so.1
7fe27803e000-7fe27804c000 r--p 00000000 00:1c 4164332                    /usr/lib/libdbus-1.so.3.38.3
7fe27804c000-7fe278082000 r-xp 0000e000 00:1c 4164332                    /usr/lib/libdbus-1.so.3.38.3
7fe278082000-7fe278094000 r--p 00044000 00:1c 4164332                    /usr/lib/libdbus-1.so.3.38.3
7fe278094000-7fe278096000 r--p 00055000 00:1c 4164332                    /usr/lib/libdbus-1.so.3.38.3
7fe278096000-7fe278097000 rw-p 00057000 00:1c 4164332                    /usr/lib/libdbus-1.so.3.38.3
7fe278097000-7fe27809f000 r--p 00000000 00:1c 7034764                    /usr/lib/jvm/liberica-nik-25-full/lib/libnio.so
7fe27809f000-7fe2780a8000 r-xp 00008000 00:1c 7034764                    /usr/lib/jvm/liberica-nik-25-full/lib/libnio.so
7fe2780a8000-7fe2780ac000 r--p 00011000 00:1c 7034764                    /usr/lib/jvm/liberica-nik-25-full/lib/libnio.so
7fe2780ac000-7fe2780ad000 ---p 00015000 00:1c 7034764                    /usr/lib/jvm/liberica-nik-25-full/lib/libnio.so
7fe2780ad000-7fe2780ae000 r--p 00015000 00:1c 7034764                    /usr/lib/jvm/liberica-nik-25-full/lib/libnio.so
7fe2780ae000-7fe2780af000 rw-p 00016000 00:1c 7034764                    /usr/lib/jvm/liberica-nik-25-full/lib/libnio.so
7fe2780af000-7fe2780b0000 r--p 00000000 00:1c 7034772                    /usr/lib/jvm/liberica-nik-25-full/lib/libsimdsort.so
7fe2780b0000-7fe2780e9000 r-xp 00001000 00:1c 7034772                    /usr/lib/jvm/liberica-nik-25-full/lib/libsimdsort.so
7fe2780e9000-7fe2780ef000 r--p 0003a000 00:1c 7034772                    /usr/lib/jvm/liberica-nik-25-full/lib/libsimdsort.so
7fe2780ef000-7fe2780f0000 r--p 0003f000 00:1c 7034772                    /usr/lib/jvm/liberica-nik-25-full/lib/libsimdsort.so
7fe2780f0000-7fe2780f1000 rw-p 00040000 00:1c 7034772                    /usr/lib/jvm/liberica-nik-25-full/lib/libsimdsort.so
7fe2780f1000-7fe2780f2000 rw-p 00000000 00:00 0 
7fe2780f2000-7fe2780f6000 ---p 00000000 00:00 0 
7fe2780f6000-7fe2781f3000 rw-p 00000000 00:00 0 
7fe2781f3000-7fe2781f7000 ---p 00000000 00:00 0 
7fe2781f7000-7fe2782f4000 rw-p 00000000 00:00 0 
7fe2782f4000-7fe2782f8000 ---p 00000000 00:00 0 
7fe2782f8000-7fe2785f7000 rw-p 00000000 00:00 0 
7fe2785f7000-7fe2785fb000 ---p 00000000 00:00 0 
7fe2785fb000-7fe2788f9000 rw-p 00000000 00:00 0 
7fe2788f9000-7fe2795d0000 rw-p 00000000 00:00 0 
7fe2795d0000-7fe2797f8000 ---p 00000000 00:00 0 
7fe2797f8000-7fe279800000 rw-p 00000000 00:00 0 
7fe279800000-7fe279f60000 rwxp 00000000 00:00 0 
7fe279f60000-7fe280cf1000 ---p 00000000 00:00 0 
7fe280cf1000-7fe280f61000 rwxp 00000000 00:00 0 
7fe280f61000-7fe28130d000 ---p 00000000 00:00 0 
7fe28130d000-7fe28157d000 rwxp 00000000 00:00 0 
7fe28157d000-7fe288800000 ---p 00000000 00:00 0 
7fe288800000-7fe293f6e000 r--s 00000000 00:1c 7034777                    /usr/lib/jvm/liberica-nik-25-full/lib/modules
7fe293f78000-7fe293f7f000 r--s 00000000 00:1c 8029924                    /usr/lib/gconv/gconv-modules.cache
7fe293f7f000-7fe2947de000 rw-p 00000000 00:00 0 
7fe2947de000-7fe298000000 ---p 00000000 00:00 0 
7fe298003000-7fe298007000 r--p 00000000 00:1c 7034775                    /usr/lib/jvm/liberica-nik-25-full/lib/libverify.so
7fe298007000-7fe29800f000 r-xp 00004000 00:1c 7034775                    /usr/lib/jvm/liberica-nik-25-full/lib/libverify.so
7fe29800f000-7fe298011000 r--p 0000c000 00:1c 7034775                    /usr/lib/jvm/liberica-nik-25-full/lib/libverify.so
7fe298011000-7fe298013000 r--p 0000d000 00:1c 7034775                    /usr/lib/jvm/liberica-nik-25-full/lib/libverify.so
7fe298013000-7fe298014000 rw-p 0000f000 00:1c 7034775                    /usr/lib/jvm/liberica-nik-25-full/lib/libverify.so
7fe298014000-7fe298317000 rw-p 00000000 00:00 0 
7fe298317000-7fe29861a000 rw-p 00000000 00:00 0 
7fe29861a000-7fe2986d4000 rw-p 00000000 00:00 0 
7fe2986d4000-7fe298719000 ---p 00000000 00:00 0 
7fe298719000-7fe2987d4000 rw-p 00000000 00:00 0 
7fe2987d4000-7fe298819000 ---p 00000000 00:00 0 
7fe298819000-7fe299229000 rw-p 00000000 00:00 0 
7fe299229000-7fe29930e000 ---p 00000000 00:00 0 
7fe29930e000-7fe29931d000 rw-p 00000000 00:00 0 
7fe29931d000-7fe2993f8000 ---p 00000000 00:00 0 
7fe2993f8000-7fe2993fc000 ---p 00000000 00:00 0 
7fe2993fc000-7fe2994f8000 rw-p 00000000 00:00 0 
7fe2994f8000-7fe299508000 r--p 00000000 00:1c 7929192                    /usr/lib/libm.so.6
7fe299508000-7fe29959e000 r-xp 00010000 00:1c 7929192                    /usr/lib/libm.so.6
7fe29959e000-7fe2995fe000 r--p 000a6000 00:1c 7929192                    /usr/lib/libm.so.6
7fe2995fe000-7fe2995ff000 r--p 00105000 00:1c 7929192                    /usr/lib/libm.so.6
7fe2995ff000-7fe299600000 rw-p 00106000 00:1c 7929192                    /usr/lib/libm.so.6
7fe299600000-7fe2998db000 r--p 00000000 00:1c 7034787                    /usr/lib/jvm/liberica-nik-25-full/lib/server/libjvm.so
7fe2998db000-7fe29a85d000 r-xp 002db000 00:1c 7034787                    /usr/lib/jvm/liberica-nik-25-full/lib/server/libjvm.so
7fe29a85d000-7fe29ab76000 r--p 0125d000 00:1c 7034787                    /usr/lib/jvm/liberica-nik-25-full/lib/server/libjvm.so
7fe29ab76000-7fe29ac5f000 r--p 01575000 00:1c 7034787                    /usr/lib/jvm/liberica-nik-25-full/lib/server/libjvm.so
7fe29ac5f000-7fe29ac8a000 rw-p 0165e000 00:1c 7034787                    /usr/lib/jvm/liberica-nik-25-full/lib/server/libjvm.so
7fe29ac8a000-7fe29ad06000 rw-p 00000000 00:00 0 
7fe29ad09000-7fe29ad0a000 r--p 00000000 00:1c 7034732                    /usr/lib/jvm/liberica-nik-25-full/lib/libextnet.so
7fe29ad0a000-7fe29ad0b000 r-xp 00001000 00:1c 7034732                    /usr/lib/jvm/liberica-nik-25-full/lib/libextnet.so
7fe29ad0b000-7fe29ad0c000 r--p 00002000 00:1c 7034732                    /usr/lib/jvm/liberica-nik-25-full/lib/libextnet.so
7fe29ad0c000-7fe29ad0d000 r--p 00002000 00:1c 7034732                    /usr/lib/jvm/liberica-nik-25-full/lib/libextnet.so
7fe29ad0d000-7fe29ad0e000 rw-p 00003000 00:1c 7034732                    /usr/lib/jvm/liberica-nik-25-full/lib/libextnet.so
7fe29ad0e000-7fe29ad11000 r--p 00000000 00:1c 7034763                    /usr/lib/jvm/liberica-nik-25-full/lib/libnet.so
7fe29ad11000-7fe29ad19000 r-xp 00003000 00:1c 7034763                    /usr/lib/jvm/liberica-nik-25-full/lib/libnet.so
7fe29ad19000-7fe29ad1b000 r--p 0000b000 00:1c 7034763                    /usr/lib/jvm/liberica-nik-25-full/lib/libnet.so
7fe29ad1b000-7fe29ad1c000 r--p 0000c000 00:1c 7034763                    /usr/lib/jvm/liberica-nik-25-full/lib/libnet.so
7fe29ad1c000-7fe29ad1d000 rw-p 0000d000 00:1c 7034763                    /usr/lib/jvm/liberica-nik-25-full/lib/libnet.so
7fe29ad1d000-7fe29addb000 rw-p 00000000 00:00 0 
7fe29addb000-7fe29ade9000 r--p 00000000 00:1c 7034742                    /usr/lib/jvm/liberica-nik-25-full/lib/libjava.so
7fe29ade9000-7fe29adf7000 r-xp 0000e000 00:1c 7034742                    /usr/lib/jvm/liberica-nik-25-full/lib/libjava.so
7fe29adf7000-7fe29adfc000 r--p 0001c000 00:1c 7034742                    /usr/lib/jvm/liberica-nik-25-full/lib/libjava.so
7fe29adfc000-7fe29adfd000 ---p 00021000 00:1c 7034742                    /usr/lib/jvm/liberica-nik-25-full/lib/libjava.so
7fe29adfd000-7fe29adfe000 r--p 00021000 00:1c 7034742                    /usr/lib/jvm/liberica-nik-25-full/lib/libjava.so
7fe29adfe000-7fe29adff000 rw-p 00022000 00:1c 7034742                    /usr/lib/jvm/liberica-nik-25-full/lib/libjava.so
7fe29adff000-7fe29ae00000 rw-p 00000000 00:00 0 
7fe29ae00000-7fe29ae24000 r--p 00000000 00:1c 7929182                    /usr/lib/libc.so.6
7fe29ae24000-7fe29afd4000 r-xp 00024000 00:1c 7929182                    /usr/lib/libc.so.6
7fe29afd4000-7fe29b04c000 r--p 001d4000 00:1c 7929182                    /usr/lib/libc.so.6
7fe29b04c000-7fe29b050000 r--p 0024c000 00:1c 7929182                    /usr/lib/libc.so.6
7fe29b050000-7fe29b052000 rw-p 00250000 00:1c 7929182                    /usr/lib/libc.so.6
7fe29b052000-7fe29b05a000 rw-p 00000000 00:00 0 
7fe29b05d000-7fe29b05f000 r--p 00000000 00:1c 7034776                    /usr/lib/jvm/liberica-nik-25-full/lib/libzip.so
7fe29b05f000-7fe29b063000 r-xp 00002000 00:1c 7034776                    /usr/lib/jvm/liberica-nik-25-full/lib/libzip.so
7fe29b063000-7fe29b065000 r--p 00006000 00:1c 7034776                    /usr/lib/jvm/liberica-nik-25-full/lib/libzip.so
7fe29b065000-7fe29b066000 r--p 00007000 00:1c 7034776                    /usr/lib/jvm/liberica-nik-25-full/lib/libzip.so
7fe29b066000-7fe29b067000 rw-p 00008000 00:1c 7034776                    /usr/lib/jvm/liberica-nik-25-full/lib/libzip.so
7fe29b067000-7fe29b06c000 rw-p 00000000 00:00 0 
7fe29b06c000-7fe29b074000 ---p 00000000 00:00 0 
7fe29b074000-7fe29b07c000 rw-s 00000000 00:36 8640                       /tmp/hsperfdata_haru/174087
7fe29b07c000-7fe29b07d000 ---p 00000000 00:00 0 
7fe29b07d000-7fe29b07e000 r--p 00000000 00:00 0 
7fe29b07e000-7fe29b07f000 ---p 00000000 00:00 0 
7fe29b07f000-7fe29b083000 r--p 00000000 00:1c 7034750                    /usr/lib/jvm/liberica-nik-25-full/lib/libjimage.so
7fe29b083000-7fe29b096000 r-xp 00004000 00:1c 7034750                    /usr/lib/jvm/liberica-nik-25-full/lib/libjimage.so
7fe29b096000-7fe29b09c000 r--p 00017000 00:1c 7034750                    /usr/lib/jvm/liberica-nik-25-full/lib/libjimage.so
7fe29b09c000-7fe29b09e000 r--p 0001c000 00:1c 7034750                    /usr/lib/jvm/liberica-nik-25-full/lib/libjimage.so
7fe29b09e000-7fe29b09f000 rw-p 0001e000 00:1c 7034750                    /usr/lib/jvm/liberica-nik-25-full/lib/libjimage.so
7fe29b09f000-7fe29b0a0000 r--p 00000000 00:1c 7929214                    /usr/lib/librt.so.1
7fe29b0a0000-7fe29b0a1000 r-xp 00001000 00:1c 7929214                    /usr/lib/librt.so.1
7fe29b0a1000-7fe29b0a2000 r--p 00002000 00:1c 7929214                    /usr/lib/librt.so.1
7fe29b0a2000-7fe29b0a3000 r--p 00002000 00:1c 7929214                    /usr/lib/librt.so.1
7fe29b0a3000-7fe29b0a4000 rw-p 00003000 00:1c 7929214                    /usr/lib/librt.so.1
7fe29b0a4000-7fe29b0a8000 rw-p 00000000 00:00 0 
7fe29b0a8000-7fe29b0a9000 r--p 00000000 00:1c 7929209                    /usr/lib/libpthread.so.0
7fe29b0a9000-7fe29b0aa000 r-xp 00001000 00:1c 7929209                    /usr/lib/libpthread.so.0
7fe29b0aa000-7fe29b0ab000 r--p 00002000 00:1c 7929209                    /usr/lib/libpthread.so.0
7fe29b0ab000-7fe29b0ac000 r--p 00002000 00:1c 7929209                    /usr/lib/libpthread.so.0
7fe29b0ac000-7fe29b0ad000 rw-p 00003000 00:1c 7929209                    /usr/lib/libpthread.so.0
7fe29b0ad000-7fe29b0ae000 r--p 00000000 00:1c 7929187                    /usr/lib/libdl.so.2
7fe29b0ae000-7fe29b0af000 r-xp 00001000 00:1c 7929187                    /usr/lib/libdl.so.2
7fe29b0af000-7fe29b0b0000 r--p 00002000 00:1c 7929187                    /usr/lib/libdl.so.2
7fe29b0b0000-7fe29b0b1000 r--p 00002000 00:1c 7929187                    /usr/lib/libdl.so.2
7fe29b0b1000-7fe29b0b2000 rw-p 00003000 00:1c 7929187                    /usr/lib/libdl.so.2
7fe29b0b2000-7fe29b0b5000 r--p 00000000 00:1c 4150155                    /usr/lib/libz.so.1.3.1.zlib-ng
7fe29b0b5000-7fe29b0df000 r-xp 00003000 00:1c 4150155                    /usr/lib/libz.so.1.3.1.zlib-ng
7fe29b0df000-7fe29b0e8000 r--p 0002d000 00:1c 4150155                    /usr/lib/libz.so.1.3.1.zlib-ng
7fe29b0e8000-7fe29b0e9000 r--p 00035000 00:1c 4150155                    /usr/lib/libz.so.1.3.1.zlib-ng
7fe29b0e9000-7fe29b0ea000 rw-p 00036000 00:1c 4150155                    /usr/lib/libz.so.1.3.1.zlib-ng
7fe29b0ea000-7fe29b0ed000 r--p 00000000 00:1c 7034751                    /usr/lib/jvm/liberica-nik-25-full/lib/libjli.so
7fe29b0ed000-7fe29b0f7000 r-xp 00003000 00:1c 7034751                    /usr/lib/jvm/liberica-nik-25-full/lib/libjli.so
7fe29b0f7000-7fe29b0fa000 r--p 0000d000 00:1c 7034751                    /usr/lib/jvm/liberica-nik-25-full/lib/libjli.so
7fe29b0fa000-7fe29b0fb000 ---p 00010000 00:1c 7034751                    /usr/lib/jvm/liberica-nik-25-full/lib/libjli.so
7fe29b0fb000-7fe29b0fc000 r--p 00010000 00:1c 7034751                    /usr/lib/jvm/liberica-nik-25-full/lib/libjli.so
7fe29b0fc000-7fe29b0fd000 rw-p 00011000 00:1c 7034751                    /usr/lib/jvm/liberica-nik-25-full/lib/libjli.so
7fe29b0fd000-7fe29b0ff000 rw-p 00000000 00:00 0 
7fe29b0ff000-7fe29b139000 r--p 00000000 00:1c 8756644                    /etc/ld.so.cache
7fe29b139000-7fe29b13d000 r--p 00000000 00:00 0                          [vvar]
7fe29b13d000-7fe29b13f000 r--p 00000000 00:00 0                          [vvar_vclock]
7fe29b13f000-7fe29b141000 r-xp 00000000 00:00 0                          [vdso]
7fe29b141000-7fe29b142000 r--p 00000000 00:1c 7929173                    /usr/lib/ld-linux-x86-64.so.2
7fe29b142000-7fe29b174000 r-xp 00001000 00:1c 7929173                    /usr/lib/ld-linux-x86-64.so.2
7fe29b174000-7fe29b184000 r--p 00033000 00:1c 7929173                    /usr/lib/ld-linux-x86-64.so.2
7fe29b184000-7fe29b186000 r--p 00042000 00:1c 7929173                    /usr/lib/ld-linux-x86-64.so.2
7fe29b186000-7fe29b187000 rw-p 00044000 00:1c 7929173                    /usr/lib/ld-linux-x86-64.so.2
7fe29b187000-7fe29b188000 rw-p 00000000 00:00 0 
7ffdaf267000-7ffdaf289000 rw-p 00000000 00:00 0                          [stack]
ffffffffff600000-ffffffffff601000 --xp 00000000 00:00 0                  [vsyscall]
Total number of mappings: 268

JVMTI agents: none


VM Arguments:
jvm_args: -XX:ThreadPriorityPolicy=1 -XX:+UnlockExperimentalVMOptions -XX:+EnableJVMCIProduct -XX:+EnableJVMCI -XX:-UnlockExperimentalVMOptions -Dorg.gradle.internal.worker.tmpdir=/home/haru/libsound/libsound-session/build/tmp/test/work --enable-native-access=ALL-UNNAMED -Xmx512m -Dfile.encoding=UTF-8 -Duser.country=US -Duser.language=en -Duser.variant -ea 
java_command: worker.org.gradle.process.internal.worker.GradleWorkerMain 'Gradle Test Executor 4'
java_class_path (initial): /home/haru/.gradle/caches/9.7.1/workerMain/gradle-worker.jar:/home/haru/libsound/libsound-session/build/classes/kotlin/test:/home/haru/libsound/libsound-session/build/classes/kotlin/main:/home/haru/libsound/libsound-core/build/libs/libsound-core-a649057-dirty.jar:/home/haru/libsound/libsound-core/build/libs/libsound-core-a649057-dirty-test-fixtures.jar:/home/haru/libsound/libsound-dbus/build/libs/libsound-dbus-a649057-dirty.jar:/home/haru/.gradle/caches/modules-2/files-2.1/org.slf4j/slf4j-simple/2.0.18/503354e24cb3a2c61f808a83934b76c2dc4ec4d8/slf4j-simple-2.0.18.jar:/home/haru/.gradle/caches/modules-2/files-2.1/org.slf4j/slf4j-api/2.0.18/78a9e7a37cd6360e0b818e86341b24123d28d4df/slf4j-api-2.0.18.jar:/home/haru/.gradle/caches/modules-2/files-2.1/io.kotest/kotest-assertions-core-jvm/6.2.4/6e23427be7e84ea654a52bd7220d14f82b156920/kotest-assertions-core-jvm-6.2.4.jar:/home/haru/.gradle/caches/modules-2/files-2.1/io.kotest/kotest-assertions-shared-jvm/6.2.4/dcc866a04bc58795c50602a2ee32d9f837f3f7a1/kotest-assertions-shared-jvm-6.2.4.jar:/home/haru/.gradle/caches/modules-2/files-2.1/io.kotest/kotest-common-jvm/6.2.4/c9be441ea05df273378a69006d7fca1a0a52f497/kotest-common-jvm-6.2.4.jar:/home/haru/.gradle/caches/modules-2/files-2.1/org.jetbrains.kotlinx/kotlinx-coroutines-test-jvm/1.10.2/deb87732ba15dc455f08af4b120fca0d96d6cb5f/kotlinx-coroutines-test-jvm-1.10.2.jar:/home/haru/.gradle/caches/modules-2/files-2.1/org.jetbrains.kotlinx/kotlinx-coroutines-core-jvm/1.10.2/4a9f78ef49483748e2c129f3d124b8fa249dafbf/kotlinx-coroutines-core-jvm-1.10.2.jar:/home/haru/.gradle/caches/modules-2/files-2.1/org.jetbrains.kotlinx/kotlinx-coroutines-jdk8/1.10.2/809f71bf722bad7e78ebe8ec710c0327c23b7a31/kotlinx-coroutines-jdk8-1.10.2.jar:/home/haru/.gradle/caches/modules-2/files-2.1/org.jetbrains.kotlin/kotlin-reflect/2.2.21/17bc47f5dfe27c2351538e711f0afe377b0de6b2/kotlin-reflect-2.2.21.jar:/home/haru/.gradle/caches/modules-2/files-2.1/org.jetbrains.kotlin/kotlin-stdlib/2.4.10/8943c84ddc6d5cc00a10dbc3736c397066eeaab5/kotlin-stdlib-2.4.10.jar:/home/haru/.gradle/caches/modules-2/files-2.1/org.junit.jupiter/junit-jupiter/6.1.3/cd72619e9eb4cf64e30a87615a4f9b50a80ce103/junit-jupiter-6.1.3.jar:/home/haru/.gradle/caches/modules-2/files-2.1/org.junit.platform/junit-platform-launcher/6.1.3/dad54f7f53b702e6e6f873bc19903dfec870bf1b/junit-platform-launcher-6.1.3.jar:/home/haru/.gradle/caches/modules-2/files-2.1/org.junit.jupiter/junit-jupiter-engine/6.1.3/3778a548f15693db463c3d090b419c64b486b848/junit-jupiter-engine-6.1.3.jar:/home/haru/.gradle/caches/modules-2/files-2.1/org.junit.jupiter/junit-jupiter-params/6.1.3/435fa4ec654c11fb82e666a47d9baefcee3f8df6/junit-jupiter-params-6.1.3.jar:/home/haru/.gradle/caches/modules-2/files-2.1/org.junit.jupiter/junit-jupiter-api/6.1.3/6a57f0ce4d6bfe9784d103077055ba39f3e6f638/junit-jupiter-api-6.1.3.jar:/home/haru/.gradle/caches/modules-2/files-2.1/org.junit.platform/junit-platform-engine/6.1.3/e48a6061b576ebe36eac3b518dc917c23d119a91/junit-platform-engine-6.1.3.jar:/home/haru/.gradle/caches/modules-2/files-2.1/org.junit.platform/junit-platform-commons/6.1.3/acb99d3482ea51fcbcc4f6ea8672761e2b3d5bb7/junit-platform-commons-6.1.3.jar:/home/haru/.gradle/caches/modules-2/files-2.1/org.jetbrains/annotations/23.0.0/8cc20c07506ec18e0834947b84a864bfc094484e/annotations-23.0.0.jar:/home/haru/.gradle/caches/modules-2/files-2.1/org.opentest4j/opentest4j/1.3.0/152ea56b3a72f655d4fd677fc0ef2596c3dd5e6e/opentest4j-1.3.0.jar:/home/haru/.gradle/caches/modules-2/files-2.1/io.github.java-diff-utils/java-diff-utils/4.16/cca1e7dc2460d0afeebc3fc4a3386eadede08c5a/java-diff-utils-4.16.jar
Launcher Type: SUN_STANDARD

[Global flags]
     intx CICompilerCount                          = 4                                         {product} {ergonomic}
     uint ConcGCThreads                            = 3                                         {product} {ergonomic}
     bool EagerJVMCI                               = true                                {JVMCI product} {ergonomic}
     bool EnableJVMCI                              = true                                {JVMCI product} {jimage}
     bool EnableJVMCIProduct                       = true                                {JVMCI product} {jimage}
     uint G1ConcRefinementThreads                  = 10                                        {product} {ergonomic}
   size_t G1HeapRegionSize                         = 1048576                                   {product} {ergonomic}
   size_t InitialHeapSize                          = 390070272                                 {product} {ergonomic}
   size_t MarkStackSize                            = 4194304                                   {product} {ergonomic}
   size_t MarkStackSizeMax                         = 536870912                                 {product} {ergonomic}
   size_t MaxHeapSize                              = 536870912                                 {product} {command line}
   size_t MaxNewSize                               = 321912832                                 {product} {ergonomic}
   size_t MinHeapDeltaBytes                        = 1048576                                   {product} {ergonomic}
   size_t MinHeapSize                              = 8388608                                   {product} {ergonomic}
    uintx NonNMethodCodeHeapSize                   = 6406144                                {pd product} {ergonomic}
    uintx NonProfiledCodeHeapSize                  = 122630144                              {pd product} {ergonomic}
    uintx ProfiledCodeHeapSize                     = 122621952                              {pd product} {ergonomic}
    uintx ReservedCodeCacheSize                    = 251658240                              {pd product} {ergonomic}
     bool SegmentedCodeCache                       = true                                      {product} {ergonomic}
   size_t SoftMaxHeapSize                          = 536870912                              {manageable} {ergonomic}
      int ThreadPriorityPolicy                     = 1                                         {product} {jimage}
     bool UseCompressedOops                        = true                           {product lp64_product} {ergonomic}
     bool UseG1GC                                  = true                                      {product} {ergonomic}

Logging:
Log output configuration:
 #0: stdout all=warning uptime,level,tags foldmultilines=false
 #1: stderr all=off uptime,level,tags foldmultilines=false

Release file:
IMPLEMENTOR="BellSoft"
JAVA_RUNTIME_VERSION="25+37-LTS"
JAVA_VERSION="25"
JAVA_VERSION_DATE="2025-09-16"
LIBC="gnu"
MODULES="java.base java.logging jdk.internal.vm.ci org.graalvm.collections java.management jdk.management jdk.unsupported org.graalvm.truffle.compiler org.graalvm.word jdk.graal.compiler com.oracle.graal.graal_enterprise org.graalvm.nativeimage com.oracle.svm.enterprise.truffle com.oracle.svm.extraimage_enterprise com.oracle.svm.svm_enterprise com.oracle.svm_enterprise.ml_dataset com.oracle.truffle.enterprise.svm java.compiler java.datatransfer java.xml java.prefs java.desktop java.instrument java.security.sasl java.naming java.rmi java.management.rmi java.net.http java.scripting java.security.jgss java.transaction.xa java.sql java.sql.rowset java.xml.crypto java.se java.smartcardio jdk.jfr javafx.base javafx.graphics javafx.controls javafx.fxml javafx.media jdk.unsupported.desktop javafx.swing jdk.jsobject jdk.xml.dom javafx.web jdk.accessibility jdk.internal.jvmstat jdk.attach jdk.charsets jdk.internal.opt jdk.zipfs jdk.compiler jdk.crypto.cryptoki jdk.crypto.ec jdk.dynalink jdk.internal.ed jdk.editpad jdk.graal.compiler.management jdk.hotspot.agent jdk.httpserver jdk.incubator.vector jdk.internal.le jdk.internal.md jdk.jartool jdk.javadoc jdk.jcmd jdk.management.agent jdk.jconsole jdk.jdeps jdk.jdwp.agent jdk.jdi jdk.jlink jdk.jpackage jdk.jshell jdk.jstatd jdk.localedata jdk.management.jfr jdk.naming.dns jdk.naming.rmi jdk.net jdk.nio.mapmode jdk.sctp jdk.security.auth jdk.security.jgss jfx.incubator.input jfx.incubator.richtext org.graalvm.extraimage.builder org.graalvm.extraimage.librarysupport org.graalvm.nativeimage.libgraal org.graalvm.webimage.api"
OS_ARCH="x86_64"
OS_NAME="Linux"
SOURCE=".:git:e25d1a5e8234+ compiler:082f26e36e8b0740f9d4805ad97087a707de25d9 espresso-shared:082f26e36e8b0740f9d4805ad97087a707de25d9 regex:082f26e36e8b0740f9d4805ad97087a707de25d9 sdk:082f26e36e8b0740f9d4805ad97087a707de25d9 substratevm:082f26e36e8b0740f9d4805ad
Environment Variables:
PATH=/home/haru/.local/bin:/home/haru/.nix-profile/bin:/nix/var/nix/profiles/default/bin:/usr/local/sbin:/usr/local/bin:/usr/bin:/var/lib/flatpak/exports/bin:/usr/lib/jvm/default/bin:/usr/bin/site_perl:/usr/bin/vendor_perl:/usr/bin/core_perl:/usr/lib/rustup/bin:/home/haru/.claude/plugins/cache/claude-plugins-official/rust-analyzer-lsp/1.0.0/bin:/home/haru/.claude/plugins/cache/claude-plugins-official/clangd-lsp/1.0.0/bin:/home/haru/.claude/plugins/cache/claude-plugins-official/qt-development-skills/1.6.1/bin:/home/haru/.claude/plugins/cache/claude-plugins-official/frontend-design/85cce0381e78/bin
XDG_CACHE_HOME=/home/haru/.cache
XDG_CONFIG_HOME=/home/haru/.config
SHELL=/usr/bin/bash
DISPLAY=:0
LANG=en_US.UTF-8
TERM=xterm-kitty

Active Locale:
LC_ALL=en_US.UTF-8
LC_COLLATE=en_US.UTF-8
LC_CTYPE=en_US.UTF-8
LC_MESSAGES=en_US.UTF-8
LC_MONETARY=en_US.UTF-8
LC_NUMERIC=en_US.UTF-8
LC_TIME=en_US.UTF-8

Signal Handlers:
   SIGSEGV: 0x00007fe29a789df0 in libjvm.so+18390512, mask=11100100010111111101111111111110, flags=SA_RESTART|SA_SIGINFO, unblocked
    SIGBUS: 0x00007fe29a789df0 in libjvm.so+18390512, mask=11100100010111111101111111111110, flags=SA_RESTART|SA_SIGINFO, unblocked
    SIGFPE: 0x00007fe29a789df0 in libjvm.so+18390512, mask=11100100010111111101111111111110, flags=SA_RESTART|SA_SIGINFO, unblocked
   SIGPIPE: 0x00007fe29a5da040 in libjvm.so+16621632, mask=11100100010111111101111111111110, flags=SA_RESTART|SA_SIGINFO, blocked
   SIGXFSZ: 0x00007fe29a5da040 in libjvm.so+16621632, mask=11100100010111111101111111111110, flags=SA_RESTART|SA_SIGINFO, blocked
    SIGILL: 0x00007fe29a789df0 in libjvm.so+18390512, mask=11100100010111111101111111111110, flags=SA_RESTART|SA_SIGINFO, unblocked
   SIGUSR2: 0x00007fe29a5db720 in libjvm.so+16627488, mask=00000000000000000000000000000000, flags=SA_RESTART|SA_SIGINFO, blocked
    SIGHUP: 0x00007fe29a5d94d0 in libjvm.so+16618704, mask=11100100010111111101111111111110, flags=SA_RESTART|SA_SIGINFO, blocked
    SIGINT: 0x00007fe29a5d94d0 in libjvm.so+16618704, mask=11100100010111111101111111111110, flags=SA_RESTART|SA_SIGINFO, blocked
   SIGTERM: 0x00007fe29a5d94d0 in libjvm.so+16618704, mask=11100100010111111101111111111110, flags=SA_RESTART|SA_SIGINFO, blocked
   SIGQUIT: 0x00007fe29a5d94d0 in libjvm.so+16618704, mask=11100100010111111101111111111110, flags=SA_RESTART|SA_SIGINFO, blocked
   SIGTRAP: 0x00007fe29a789df0 in libjvm.so+18390512, mask=11100100010111111101111111111110, flags=SA_RESTART|SA_SIGINFO, unblocked


Compilation memory statistics disabled.

Periodic native trim disabled

---------------  S Y S T E M  ---------------

OS:
DISTRIB_ID="Arch"
DISTRIB_RELEASE="rolling"
DISTRIB_DESCRIPTION="Arch Linux"
uname: Linux 7.2.3-arch1-2 #1 SMP PREEMPT_DYNAMIC Thu, 03 Sep 2026 17:55:06 +0000 x86_64
OS uptime: 0 days 22:39 hours
libc: glibc 2.44 NPTL 2.44 
rlimit (soft/hard): STACK 8192k/infinity , CORE infinity/infinity , NPROC 94829/94829 , NOFILE 524288/524288 , AS infinity/infinity , CPU infinity/infinity , DATA infinity/infinity , FSIZE infinity/infinity , MEMLOCK infinity/infinity
load average: 6.52 6.62 4.96

/proc/meminfo:
MemTotal:       24317960 kB
MemFree:         4476032 kB
MemAvailable:    7799960 kB
Buffers:              28 kB
Cached:          3678632 kB
SwapCached:         2524 kB
Active:         10858588 kB
Inactive:        4094876 kB
Active(anon):   10211360 kB
Inactive(anon):  2094192 kB
Active(file):     647228 kB
Inactive(file):  2000684 kB
Unevictable:        3604 kB
Mlocked:            3600 kB
SwapTotal:      58720248 kB
SwapFree:       56601824 kB
Zswap:                 0 kB
Zswapped:              0 kB
Dirty:              2924 kB
Writeback:             0 kB
AnonPages:      11085336 kB
Mapped:           855304 kB
Shmem:           1234716 kB
KReclaimable:    1082600 kB
Slab:            1574168 kB
SReclaimable:    1082600 kB
SUnreclaim:       491568 kB
KernelStack:       39280 kB
PageTables:        98500 kB
SecPageTables:      2056 kB
NFS_Unstable:          0 kB
Bounce:                0 kB
WritebackTmp:          0 kB
CommitLimit:    70879228 kB
Committed_AS:   27683292 kB
VmallocTotal:   34359738367 kB
VmallocUsed:      181976 kB
VmallocChunk:          0 kB
Percpu:            13504 kB
HardwareCorrupted:     0 kB
AnonHugePages:   2631680 kB
ShmemHugePages:        0 kB
ShmemPmdMapped:        0 kB
FileHugePages:         0 kB
FilePmdMapped:         0 kB
CmaTotal:              0 kB
CmaFree:               0 kB
Unaccepted:            0 kB
Balloon:               0 kB
GPUActive:       2085672 kB
GPUReclaim:        79976 kB
HugePages_Total:       0
HugePages_Free:        0
HugePages_Rsvd:        0
HugePages_Surp:        0
Hugepagesize:       2048 kB
Hugetlb:               0 kB
DirectMap4k:    12358520 kB
DirectMap2M:    12525568 kB
DirectMap1G:           0 kB

/sys/kernel/mm/transparent_hugepage/enabled: [always] madvise never
/sys/kernel/mm/transparent_hugepage/hpage_pmd_size: 2097152
/sys/kernel/mm/transparent_hugepage/shmem_enabled: always within_size [advise] never deny force
/sys/kernel/mm/transparent_hugepage/defrag (defrag/compaction efforts parameter): always defer defer+madvise [madvise] never

Process Memory:
Virtual Size: 70093372K (peak: 103646608K)
Resident Set Size: 215648K (peak: 242632K) (anon: 151712K, file: 63904K, shmem: 32K)
Swapped out: 0K
C-Heap outstanding allocations: 44294K, retained: 1025K
glibc malloc tunables: (default)

/proc/sys/kernel/threads-max (system-wide limit on the number of threads): 189659
/proc/sys/vm/max_map_count (maximum number of memory map areas a process may have): 1048576
/proc/sys/vm/swappiness (control to define how aggressively the kernel swaps out anonymous memory): 150
/proc/sys/kernel/pid_max (system-wide limit on number of process identifiers): 4194304

container information not found.
Steal ticks since vm start: 0
Steal ticks percentage since vm start:  0.000

CPU: total 12 (initial active 12) (12 cores per cpu, 1 threads per core) family 6 model 154 stepping 4 microcode 0x43b, cx8, cmov, fxsr, mmx, 3dnowpref, sse, sse2, sse3, ssse3, sse4.1, sse4.2, popcnt, lzcnt, tsc, tscinvbit, avx, avx2, aes, erms, clmul, bmi1, bmi2, adx, sha, fma, vzeroupper, clflush, clflushopt, clwb, serialize, rdtscp, rdpid, fsrm, gfni, f16c, pku, ospke, cet_ibt, cet_ss
CPU Model and flags from /proc/cpuinfo:
model name	: 12th Gen Intel(R) Core(TM) i5-1235U
flags		: fpu vme de pse tsc msr pae mce cx8 apic sep mtrr pge mca cmov pat pse36 clflush dts acpi mmx fxsr sse sse2 ss ht tm pbe syscall nx pdpe1gb rdtscp lm constant_tsc art arch_perfmon pebs bts rep_good nopl xtopology nonstop_tsc cpuid aperfmperf tsc_known_freq pni pclmulqdq dtes64 monitor ds_cpl vmx smx est tm2 ssse3 sdbg fma cx16 xtpr pdcm pcid sse4_1 sse4_2 x2apic movbe popcnt tsc_deadline_timer aes xsave avx f16c rdrand lahf_lm abm 3dnowprefetch cpuid_fault epb ssbd ibrs ibpb stibp ibrs_enhanced tpr_shadow flexpriority ept vpid ept_ad fsgsbase tsc_adjust bmi1 avx2 smep bmi2 erms invpcid rdseed adx smap clflushopt clwb intel_pt sha_ni xsaveopt xsavec xgetbv1 xsaves split_lock_detect user_shstk avx_vnni dtherm ida arat pln pts hwp hwp_notify hwp_act_window hwp_epp hwp_pkg_req hfi vnmi umip pku ospke waitpkg gfni vaes vpclmulqdq rdpid movdiri movdir64b fsrm md_clear serialize arch_lbr ibt flush_l1d arch_capabilities

Online cpus: 0-11
Offline cpus: 
BIOS frequency limitation: <Not Available>
Frequency switch latency (ns): 0
Available cpu frequencies: <Not Available>
Current governor: performance
Core performance/turbo boost: <Not Available>

Memory: 4k page, physical 24317960k(7799960k free), swap 58720248k(56601824k free)
Page Sizes: 4k

vm_info: OpenJDK 64-Bit Server VM (25+37-LTS) for linux-amd64 JRE (25+37-LTS), built on 2025-09-12T10:43:42Z with gcc 10.2.0

END.
